ue_count,n_samples,source,cpu_pct_proc_mean,cpu_user_pct_mean,cpu_sys_pct_mean,cpu_freq_mhz_mean,irq_rate_mean,mem_used_mb_mean,temp_c_mean,rapl_pkg0_w_mean,rapl_dram_w_mean,ipc_mean,dl_brate_mbps_mean,ul_brate_mbps_mean,active_slots_mean,dl_mcs_avg_mean,ul_mcs_avg_mean,dl_cqi_avg_mean,ul_snr_avg_mean,dl_prb_avg_mean,ul_prb_avg_mean,dl_bler_mean,ul_bler_mean,cpu_pct_proc_std,cpu_user_pct_std,cpu_sys_pct_std,cpu_freq_mhz_std,irq_rate_std,mem_used_mb_std,temp_c_std,rapl_pkg0_w_std,rapl_dram_w_std,ipc_std,dl_brate_mbps_std,ul_brate_mbps_std,active_slots_std,dl_mcs_avg_std,ul_mcs_avg_std,dl_cqi_avg_std,ul_snr_avg_std,dl_prb_avg_std,ul_prb_avg_std,dl_bler_std,ul_bler_std
0,30,measured_baseline,13.1033,5.6467,7.27,1289.9667,992736.9333,22359.8333,64.6333,15.1577,1.586,0.0,0.0001,0.0008,13.3333,3.444,0.0,0.0,88.457,0.0,13.0,0.0,0.0,9.0422,3.8222,5.4015,107.8337,721163.0249,15721.4332,1.7515,7.6061,0.7057,0.0,0.0003,0.0021,19.1785,0.0,0.0,0.0,0.0,0.0,0.0,0.0,0.0
1,0,interpolated,14.7478,6.2026,8.2289,1283.6252,1090263.1709,24235.4986,64.7693,15.4325,1.6248,0.0,0.0001,0.0007,11.8518,3.4534,0.0,0.0,88.4572,0.0,13.0,0.0,0.0,8.2105,3.4928,4.9039,100.073,643735.9869,13979.0769,1.6292,6.8026,0.6311,0.0,0.0003,0.0019,17.0476,0.0,0.0,0.0,0.0,0.0,0.0,0.0,0.0
2,0,interpolated,16.3923,6.7585,9.1878,1277.2836,1187789.4084,26111.164,64.9053,15.7073,1.6636,0.0,0.0001,0.0006,10.3703,3.4629,0.0,0.0,88.4574,0.0,13.0,0.0,0.0,7.3789,3.1634,4.4064,92.3124,566308.9488,12236.7206,1.5069,5.9991,0.5564,0.0,0.0002,0.0016,14.9166,0.0,0.0,0.0,0.0,0.0,0.0,0.0,0.0
3,0,interpolated,18.0367,7.3145,10.1467,1270.9421,1285315.646,27986.8293,65.0412,15.982,1.7023,0.0,0.0001,0.0005,8.8889,3.4723,0.0,0.0,88.4577,0.0,13.0,0.0,0.0,6.5472,2.8339,3.9088,84.5517,488881.9108,10494.3642,1.3845,5.1955,0.4818,0.0,0.0002,0.0014,12.7857,0.0,0.0,0.0,0.0,0.0,0.0,0.0,0.0
4,0,interpolated,19.6812,7.8704,11.1056,1264.6006,1382841.8836,29862.4947,65.1772,16.2568,1.7411,0.0,0.0001,0.0004,7.4074,3.4818,0.0,0.0,88.4579,0.0,13.0,0.0,0.0,5.7155,2.5045,3.4112,76.791,411454.8727,8752.0079,1.2622,4.392,0.4072,0.0,0.0002,0.0012,10.6547,0.0,0.0,0.0,0.0,0.0,0.0,0.0,0.0
5,0,interpolated,21.3257,8.4263,12.0644,1258.259,1480368.1211,31738.16,65.3132,16.5316,1.7799,0.0,0.0,0.0004,5.9259,3.4912,0.0,0.0,88.4581,0.0,13.0,0.0,0.0,4.8839,2.1751,2.9137,69.0304,334027.8347,7009.6516,1.1399,3.5885,0.3325,0.0,0.0001,0.0009,8.5238,0.0,0.0,0.0,0.0,0.0,0.0,0.0,0.0
6,0,interpolated,22.9702,8.9822,13.0233,1251.9175,1577894.3587,33613.8254,65.4492,16.8064,1.8187,0.0,0.0,0.0003,4.4444,3.5007,0.0,0.0,88.4583,0.0,13.0,0.0,0.0,4.0522,1.8457,2.4161,61.2697,256600.7966,5267.2953,1.0176,2.785,0.2579,0.0,0.0001,0.0007,6.3928,0.0,0.0,0.0,0.0,0.0,0.0,0.0,0.0
7,0,interpolated,24.6146,9.5382,13.9822,1245.576,1675420.5963,35489.4907,65.5851,17.0811,1.8574,0.0,0.0,0.0002,2.963,3.5101,0.0,0.0,88.4586,0.0,13.0,0.0,0.0,3.2205,1.5162,1.9185,53.509,179173.7586,3524.9389,0.8952,1.9814,0.1833,0.0,0.0001,0.0005,4.2619,0.0,0.0,0.0,0.0,0.0,0.0,0.0,0.0
8,0,interpolated,26.2591,10.0941,14.9411,1239.2344,1772946.8338,37365.1561,65.7211,17.3559,1.8962,0.0,0.0,0.0001,1.4815,3.5196,0.0,0.0,88.4588,0.0,13.0,0.0,0.0,2.3889,1.1868,1.421,45.7484,101746.7205,1782.5826,0.7729,1.1779,0.1086,0.0,0.0,0.0002,2.1309,0.0,0.0,0.0,0.0,0.0,0.0,0.0,0.0
9,28,measured,27.9036,10.65,15.9,1232.8929,1870473.0714,39240.8214,65.8571,17.6307,1.935,0.0,0.0,0.0,0.0,3.529,0.0,0.0,88.459,0.0,13.0,0.0,0.0,1.5572,0.8574,0.9234,37.9877,24319.6825,40.2263,0.6506,0.3744,0.034,0.0,0.0,0.0,0.0,0.0,0.0,0.0,0.0,0.0,0.0,0.0,0.0
10,29,measured,17.0207,6.0345,10.7724,1326.6207,1018093.5862,23102.7241,65.3103,15.6872,1.5869,0.0,0.0,0.0,0.2069,3.3175,0.0,0.0,88.452,0.0,13.5,0.0,0.0,14.2824,3.9146,12.6031,214.4124,711795.3565,15486.6421,0.7608,7.6144,0.6162,0.0,0.0,0.0,0.8185,0.763,0.0,0.0,32.3827,0.0,6.364,0.0,0.0
11,18,measured,22.5944,8.4,13.6389,1214.2778,1764168.9444,39172.3889,66.1111,16.9583,1.8533,0.0,0.0009,0.0053,29.5,3.765,0.0,0.0,88.36,0.0,13.0,0.0,0.0,2.1599,0.9659,0.8562,26.3814,31087.0611,14.7574,0.6764,0.4759,0.1384,0.0,0.0003,0.0019,11.8731,0.0,0.0,0.0,0.0,0.0,0.0,0.0,0.0
12,29,measured,23.1483,8.6759,13.8552,1220.2759,1779736.5517,39216.4828,66.3448,16.8528,1.8252,0.0,0.0013,0.0651,40.0,11.0019,0.0,0.0,105.5294,0.0,34.7518,0.0,0.0,2.2978,1.0235,0.9436,25.0669,40554.6919,25.4721,0.7209,0.5201,0.0769,0.0,0.0072,0.3506,0.0,3.9618,0.0,0.0,8.4781,0.0,11.6526,0.0,0.0
13,28,measured,31.1714,12.2571,16.8393,1264.75,1937424.0357,39406.3571,66.9286,18.5889,2.0904,0.0,0.1502,6.8537,40.0,12.9568,0.0,0.0,109.3736,0.0,40.7164,0.0,0.0,1.8543,0.8271,0.7767,47.8738,37594.3982,54.007,0.6042,0.5613,0.0732,0.0,0.1453,6.444,0.0,0.5722,0.0,0.0,0.2882,0.0,0.5238,0.0,0.0
14,29,measured,33.3241,13.3448,17.4207,1323.9655,1980608.6552,39641.1379,67.4828,19.9145,2.371,0.0,0.6817,30.9261,40.0,13.2994,0.0,0.0,109.5187,0.0,41.9415,0.0,0.0,0.8096,0.5166,0.3986,45.4914,5793.233,57.4455,0.5745,0.4476,0.0647,0.0,0.1952,9.0483,0.0,0.211,0.0,0.0,0.1004,0.0,0.5814,0.0,0.0
15,28,measured,33.15,13.6964,16.8036,1388.8571,2006060.6786,39781.8571,67.9643,21.5243,2.5582,0.0,1.6136,75.231,40.0,13.6833,0.0,0.0,109.3768,0.0,43.099,0.0,0.0,0.8622,0.3825,0.546,45.9764,8489.6461,29.2521,0.7445,0.5506,0.0889,0.0,0.306,14.0028,0.0,0.241,0.0,0.0,0.0789,0.0,0.2435,0.0,0.0
16,28,measured,33.0107,13.5714,16.675,1396.3214,2011559.4643,39828.6786,68.7143,21.9239,2.7532,0.0,2.1178,100.0437,40.0,13.3758,0.0,0.0,109.3542,0.0,43.1998,0.0,0.0,0.6893,0.3365,0.3845,47.4951,4937.157,14.1449,0.6587,0.5535,0.0447,0.0,0.0771,2.2074,0.0,0.1737,0.0,0.0,0.0338,0.0,0.0709,0.0,0.0
17,29,measured,33.8517,13.9241,16.9862,1366.0,2010097.5172,39880.8276,68.4483,21.5286,2.7869,0.0,2.4596,111.5605,40.0,13.4251,0.0,0.0,109.3323,0.0,43.3138,0.0,0.0,0.9425,0.4381,0.518,44.6974,8069.6117,21.1998,0.8275,0.8102,0.0277,0.0,0.1377,6.034,0.0,0.1604,0.0,0.0,0.0312,0.0,0.0807,0.0,0.0
18,28,measured,33.7857,13.9143,16.9286,1384.0,2016997.6071,39924.4643,68.6071,21.8489,2.8114,0.0,2.4209,108.6843,40.0,13.5875,0.0,0.0,109.3227,0.0,43.4353,0.0,0.0,0.761,0.3535,0.4017,52.9969,6829.2903,14.5028,0.6289,0.783,0.0584,0.0,0.2521,7.7299,0.0,0.1967,0.0,0.0,0.0531,0.0,0.0747,0.0,0.0
19,28,measured,33.2571,13.7,16.725,1424.9286,2016995.4286,39965.3571,68.3929,21.9536,2.7493,0.0,2.1097,100.4691,40.0,13.5524,0.0,0.0,109.3997,0.0,43.3519,0.0,0.0,1.1094,0.5689,0.4835,61.4991,5441.4102,17.032,0.786,0.7899,0.0502,0.0,0.1134,4.6982,0.0,0.1527,0.0,0.0,0.0512,0.0,0.0581,0.0,0.0
20,29,measured,33.2655,13.7655,16.7034,1388.2414,2016307.3793,40006.931,68.1034,21.501,2.6131,0.0,1.8955,90.4378,40.0,14.2562,0.0,0.0,109.4215,0.0,43.2268,0.0,0.0,0.8182,0.3958,0.5102,42.5858,6125.3495,15.9641,0.6179,0.7806,0.0355,0.0,0.0659,3.5507,0.0,0.1829,0.0,0.0,0.0341,0.0,0.061,0.0,0.0
21,29,measured,33.2172,13.7966,16.7724,1380.3448,2006924.0,40053.069,68.3448,21.5838,2.5876,0.0,1.9903,94.2098,40.0,13.7119,0.0,0.0,109.3999,0.0,43.1651,0.0,0.0,0.922,0.4263,0.5915,52.0455,12200.7062,20.1936,0.7209,0.7762,0.0366,0.0,0.1131,5.6196,0.0,0.2479,0.0,0.0,0.0383,0.0,0.0767,0.0,0.0
22,28,measured,33.1321,13.8071,16.6964,1419.9643,2001976.8571,40099.7857,68.1429,21.5307,2.5279,0.0,1.8462,86.7234,40.0,13.5942,0.0,0.0,109.4262,0.0,43.1141,0.0,0.0,1.0428,0.4883,0.596,69.5192,7184.5447,13.2059,0.5909,0.878,0.0479,0.0,0.1628,6.1585,0.0,0.1516,0.0,0.0,0.042,0.0,0.1154,0.0,0.0
23,28,measured,32.1607,13.4036,16.2893,1420.1786,1997867.0357,40121.1786,68.0714,22.0229,2.5129,0.0,1.5804,74.0501,40.0,13.7018,0.0,0.0,109.4558,0.0,42.9783,0.0,0.0,0.9199,0.4517,0.5245,61.6964,7586.34,13.6817,0.8133,0.766,0.0348,0.0,0.0515,1.9349,0.0,0.0997,0.0,0.0,0.0367,0.0,0.0927,0.0,0.0
24,29,measured,32.2793,13.4069,16.3586,1397.6552,2003280.2069,40171.2069,68.7241,22.0207,2.5007,0.0,1.5771,74.6087,40.0,13.5555,0.0,0.0,109.487,0.0,42.8174,0.0,0.0,1.0544,0.5113,0.5666,51.3276,6869.0469,19.3767,0.751,0.9146,0.0371,0.0,0.0911,4.6928,0.0,0.254,0.0,0.0,0.0268,0.0,0.1033,0.0,0.0
25,28,measured,32.2607,13.4607,16.3071,1399.6071,2006636.8571,40180.9643,68.3929,22.0018,2.545,0.0,1.4561,68.5511,40.0,13.6959,0.0,0.0,109.4784,0.0,42.8521,0.0,0.0,0.8791,0.4058,0.5347,61.2888,9429.5783,22.3084,0.9165,0.7698,0.0561,0.0,0.0856,4.5825,0.0,0.172,0.0,0.0,0.0343,0.0,0.1461,0.0,0.0
26,29,measured,33.1379,14.0103,16.4966,1401.3103,2016422.6207,40305.6897,68.6897,21.989,2.5828,0.0,1.8908,92.3385,40.0,13.8379,0.0,0.0,109.4223,0.0,43.0637,0.0,0.0,1.0877,0.5531,0.5571,57.9748,9882.5666,51.1665,0.6038,0.7662,0.0368,0.0,0.2088,11.1959,0.0,0.2159,0.0,0.0,0.0595,0.0,0.1629,0.0,0.0
27,29,measured,33.569,14.4552,16.2759,1429.5517,2029413.4483,40449.7586,68.4138,22.4021,2.7014,0.0,3.03,146.0754,40.0,13.6932,0.0,0.0,109.3494,0.0,43.2903,0.0,0.0,1.0107,0.5221,0.5423,53.6614,9589.7704,37.899,0.7328,0.7189,0.0659,0.0,0.4212,17.8122,0.0,0.1803,0.0,0.0,0.0499,0.0,0.0858,0.0,0.0
28,28,measured,35.3964,15.4714,16.9893,1383.25,2030323.3929,40560.0714,68.25,21.8864,2.8221,0.0,3.2411,154.1764,40.0,13.6891,0.0,0.0,109.2668,0.0,43.4082,0.0,0.0,1.0419,0.4845,0.5336,49.1819,9412.7459,37.6386,0.7005,0.6969,0.0606,0.0,0.2783,9.843,0.0,0.1411,0.0,0.0,0.0755,0.0,0.0894,0.0,0.0
29,29,measured,35.7241,15.9034,16.969,1402.3793,2027765.0345,40669.6207,68.4483,22.3945,2.931,0.0,4.6747,197.38,40.0,13.5854,0.0,0.0,109.1628,0.0,43.5562,0.0,0.0,0.9988,0.4555,0.6448,33.6212,7751.8012,33.9384,0.6317,0.9872,0.0554,0.0,0.8463,29.8825,0.0,0.1563,0.0,0.0,0.109,0.0,0.077,0.0,0.0
30,29,measured,35.6034,15.8724,16.931,1406.3103,2023385.5517,40781.3103,68.8966,22.8717,3.0893,0.0,5.7396,247.9789,40.0,13.5477,0.0,0.0,109.0536,0.0,43.6384,0.0,0.0,0.8571,0.4582,0.4449,33.4782,11778.3421,37.2876,0.817,0.7892,0.057,0.0,0.4576,11.2917,0.0,0.2756,0.0,0.0,0.1173,0.0,0.0654,0.0,0.0
31,28,measured,36.2429,16.275,17.0429,1412.5,2018774.9643,40889.1786,69.1429,22.8979,3.1507,0.0,6.7358,269.4282,40.0,14.2301,0.0,0.0,108.9628,0.0,43.7143,0.0,0.0,0.8896,0.4213,0.4826,50.6122,8700.7119,34.2821,0.7052,0.8506,0.0345,0.0,0.4134,12.0759,0.0,0.4058,0.0,0.0,0.1842,0.0,0.0387,0.0,0.0
32,29,measured,36.7,16.5621,17.2034,1400.5172,2015898.3793,40989.8621,69.069,23.2669,3.2393,0.0,6.5086,265.7672,40.0,14.4807,0.0,0.0,108.8464,0.0,43.7872,0.0,0.0,1.0166,0.4996,0.4968,37.8952,6917.5453,33.0905,0.5935,0.8141,0.0474,0.0,0.1727,7.1323,0.0,0.3034,0.0,0.0,0.2248,0.0,0.0698,0.0,0.0
33,29,measured,37.131,16.6724,17.3897,1403.6897,2019557.3103,41094.6897,69.1379,22.9631,3.2131,0.0,6.8651,243.9051,40.0,14.8448,0.0,0.0,108.6808,0.0,43.7868,0.0,0.0,1.0135,0.5006,0.4647,39.3111,6965.8692,27.7258,0.693,0.9372,0.0304,0.0,0.3813,6.9302,0.0,0.2879,0.0,0.0,0.2978,0.0,0.0441,0.0,0.0
34,29,measured,35.0862,14.5345,17.3759,1373.8621,2020258.8276,41195.7586,68.8966,22.051,2.9448,0.0,5.6639,203.4232,40.0,11.8203,0.0,0.0,75.0447,0.0,41.1821,0.0,0.0,2.1874,2.2153,0.5104,46.8659,6055.0834,34.8237,0.7243,1.0474,0.2455,0.0,1.2718,55.1105,0.0,5.883,0.0,0.0,46.2077,0.0,9.1557,0.0,0.0
35,28,measured,32.7393,12.225,17.2571,1366.1071,2029125.1071,41272.8929,68.2857,21.6768,2.735,0.0,0.3668,12.2278,40.0,1.7982,0.0,0.0,10.2993,0.0,42.0772,0.0,0.0,0.9788,0.3307,0.6309,35.8602,7170.5817,15.9126,0.6587,0.7485,0.031,0.0,0.7473,25.1324,0.0,2.804,0.0,0.0,10.3035,0.0,6.747,0.0,0.0
36,29,measured,31.9138,11.9966,16.7414,1386.0,2034820.7241,41282.3103,68.4483,22.3045,2.7924,0.0,0.0,0.0,40.0,1.6377,0.0,0.0,6.8212,0.0,44.1441,0.0,0.0,0.8249,0.3708,0.4807,37.0935,10515.2019,4.4809,0.6317,0.7966,0.0321,0.0,0.0,0.0,0.0,3.2457,0.0,0.0,2.0526,0.0,1.1484,0.0,0.0
37,29,measured,32.1103,12.1241,16.8241,1367.6207,2027351.8276,41260.4828,68.7931,21.9469,2.7621,0.0,0.0,0.0,40.0,2.8978,0.0,0.0,5.8142,0.0,44.6437,0.0,0.0,0.596,0.3181,0.418,19.2603,7203.6421,8.6834,0.5593,0.6813,0.0332,0.0,0.0,0.0,0.0,4.2557,0.0,0.0,1.6967,0.0,0.6716,0.0,0.0
38,20,measured,32.565,12.275,17.09,1370.55,2022741.95,41245.25,68.4,21.732,2.746,0.0,0.0,0.0,40.0,1.5834,0.0,0.0,5.7484,0.0,43.7732,0.0,0.0,0.7562,0.4051,0.3669,36.6972,6246.8999,4.8653,0.7539,0.6412,0.0303,0.0,0.0,0.0,0.0,4.5518,0.0,0.0,1.3071,0.0,2.4573,0.0,0.0
39,0,extrapolated,36.1699,14.5911,18.1616,1334.0838,2013719.8128,41728.6157,69.2415,21.8002,3.1187,0.0,7.5453,244.3859,40.0,10.4825,0.0,0.0,50.5413,0.0,39.6762,0.0,0.0,3.0279,3.4247,0.4876,42.012,3530.307,32.6271,0.7182,1.282,0.3738,0.0,1.8794,81.7521,0.0,9.9564,0.0,0.0,79.1776,0.0,15.6342,0.0,0.0
40,0,extrapolated,36.3867,14.6025,18.3188,1326.1282,2012412.0099,41835.1872,69.3104,21.7501,3.1534,0.0,7.9215,252.5785,40.0,10.215,0.0,0.0,45.6407,0.0,39.3751,0.0,0.0,3.196,3.6666,0.4831,41.0412,3025.3517,32.1877,0.717,1.329,0.3994,0.0,2.0009,87.0805,0.0,10.771,0.0,0.0,85.7715,0.0,16.9299,0.0,0.0
41,0,extrapolated,36.6034,14.6138,18.4759,1318.1725,2011104.2069,41941.7586,69.3794,21.6999,3.1882,0.0,8.2978,260.771,40.0,9.9474,0.0,0.0,40.74,0.0,39.0739,0.0,0.0,3.3641,3.9085,0.4785,40.0704,2520.3964,31.7484,0.7158,1.3759,0.4251,0.0,2.1224,92.4088,0.0,11.5857,0.0,0.0,92.3655,0.0,18.2256,0.0,0.0
42,0,extrapolated,36.8201,14.6251,18.633,1310.2168,2009796.4039,42048.33,69.4484,21.6497,3.223,0.0,8.6741,268.9635,40.0,9.6798,0.0,0.0,35.8393,0.0,38.7727,0.0,0.0,3.5322,4.1504,0.4739,39.0996,2015.4411,31.3091,0.7146,1.4228,0.4508,0.0,2.2439,97.7371,0.0,12.4004,0.0,0.0,98.9595,0.0,19.5213,0.0,0.0
43,0,extrapolated,37.0369,14.6365,18.7902,1302.2612,2008488.601,42154.9015,69.5173,21.5996,3.2577,0.0,9.0503,277.1561,40.0,9.4123,0.0,0.0,30.9387,0.0,38.4716,0.0,0.0,3.7003,4.3923,0.4694,38.1288,1510.4858,30.8697,0.7134,1.4698,0.4764,0.0,2.3654,103.0655,0.0,13.215,0.0,0.0,105.5534,0.0,20.817,0.0,0.0
44,0,extrapolated,37.2536,14.6478,18.9473,1294.3055,2007180.798,42261.4729,69.5863,21.5494,3.2925,0.0,9.4266,285.3486,40.0,9.1447,0.0,0.0,26.038,0.0,38.1704,0.0,0.0,3.8684,4.6342,0.4648,37.158,1005.5305,30.4304,0.7122,1.5167,0.5021,0.0,2.4869,108.3938,0.0,14.0297,0.0,0.0,112.1474,0.0,22.1127,0.0,0.0
45,0,extrapolated,37.4704,14.6591,19.1045,1286.3499,2005872.9951,42368.0443,69.6553,21.4993,3.3273,0.0,9.8029,293.5412,40.0,8.8772,0.0,0.0,21.1373,0.0,37.8692,0.0,0.0,4.0365,4.876,0.4603,36.1873,500.5753,29.9911,0.7109,1.5636,0.5277,0.0,2.6085,113.7221,0.0,14.8444,0.0,0.0,118.7414,0.0,23.4084,0.0,0.0
46,0,extrapolated,37.6871,14.6704,19.2616,1278.3942,2004565.1921,42474.6157,69.7243,21.4491,3.3621,0.0,10.1792,301.7337,40.0,8.6096,0.0,0.0,16.2366,0.0,37.568,0.0,0.0,4.2046,5.1179,0.4557,35.2165,0.0,29.5518,0.7097,1.6105,0.5534,0.0,2.73,119.0504,0.0,15.6591,0.0,0.0,125.3354,0.0,24.7041,0.0,0.0
47,0,extrapolated,37.9039,14.6818,19.4188,1270.4386,2003257.3892,42581.1872,69.7932,21.399,3.3968,0.0,10.5554,309.9263,40.0,8.3421,0.0,0.0,11.336,0.0,37.2669,0.0,0.0,4.3727,5.3598,0.4512,34.2457,0.0,29.1124,0.7085,1.6575,0.579,0.0,2.8515,124.3788,0.0,16.4737,0.0,0.0,131.9293,0.0,25.9998,0.0,0.0
48,0,extrapolated,38.1206,14.6931,19.5759,1262.4829,2001949.5862,42687.7586,69.8622,21.3488,3.4316,0.0,10.9317,318.1188,40.0,8.0745,0.0,0.0,6.4353,0.0,36.9657,0.0,0.0,4.5408,5.6017,0.4466,33.2749,0.0,28.6731,0.7073,1.7044,0.6047,0.0,2.973,129.7071,0.0,17.2884,0.0,0.0,138.5233,0.0,27.2955,0.0,0.0
49,0,extrapolated,38.3373,14.7044,19.733,1254.5272,2000641.7832,42794.33,69.9312,21.2986,3.4664,0.0,11.308,326.3113,40.0,7.8069,0.0,0.0,1.5346,0.0,36.6645,0.0,0.0,4.7089,5.8436,0.442,32.3041,0.0,28.2338,0.7061,1.7513,0.6304,0.0,3.0945,135.0354,0.0,18.1031,0.0,0.0,145.1173,0.0,28.5912,0.0,0.0
50,0,extrapolated,38.5541,14.7158,19.8902,1246.5716,1999333.9803,42900.9015,70.0001,21.2485,3.5011,0.0,11.6842,334.5039,40.0,7.5394,0.0,0.0,-3.366,0.0,36.3634,0.0,0.0,4.877,6.0855,0.4375,31.3333,0.0,27.7944,0.7049,1.7983,0.656,0.0,3.216,140.3638,0.0,18.9177,0.0,0.0,151.7112,0.0,29.8869,0.0,0.0
