timestamp,node_cpu_user_pct,node_cpu_sys_pct,node_cpu_iowait_pct,node_cpu_irq_pct,node_cpu_softirq_pct,node_cpu_idle_pct,node_mem_total_MB,node_mem_used_MB,node_mem_free_MB,node_mem_avail_MB,node_swap_used_MB,node_load1,node_load5,node_load15,node_intr_per_s,node_ctxt_per_s,node_softirq_NET_RX_per_s,node_softirq_NET_TX_per_s,node_softirq_TIMER_per_s,node_softirq_SCHED_per_s,node_softirq_TASKLET_per_s,node_softirq_RCU_per_s,node_net_rx_bytes_s,node_net_tx_bytes_s,node_net_rx_pkts_s,node_net_tx_pkts_s,node_net_rx_drop_total,node_net_tx_drop_total,node_temp_core_max_C,node_cpu_freq_max_hz,node_rapl_package_uj_delta,node_cpu0_pct,node_cpu1_pct,node_cpu2_pct,node_cpu3_pct,node_cpu4_pct,node_cpu5_pct,node_cpu6_pct,node_cpu7_pct,node_cpu8_pct,node_cpu9_pct,node_cpu10_pct,node_cpu11_pct,node_cpu12_pct,node_cpu13_pct,node_cpu14_pct,node_cpu15_pct,node_cpu16_pct,node_cpu17_pct,node_cpu18_pct,node_cpu19_pct,node_cpu20_pct,node_cpu21_pct,node_cpu22_pct,node_cpu23_pct,node_cpu24_pct,node_cpu25_pct,node_cpu26_pct,node_cpu27_pct,node_cpu28_pct,node_cpu29_pct,node_cpu30_pct,node_cpu31_pct,proc_pid,proc_name,proc_cpu_user_pct,proc_cpu_sys_pct,proc_cpu_total_pct,proc_utime_s_delta,proc_stime_s_delta,proc_rss_kB,proc_vsz_kB,proc_vmhwm_kB,proc_threads,proc_vol_ctxsw_s,proc_nonvol_ctxsw_s,proc_schedrun_ns,proc_schedwait_ns,proc_schedrun_count,proc_open_fds
2026-08-18T04:38:18,0.09,0.14,0.0,0.0,0.03,99.74,64297.0,2037.9,57980.0,62259.1,0.0,0.1,0.12,0.04,19030,33735,2489,0,61,720,244,85,2200,317,27,3,1944864,0,65.0,1742344,0,0.0,0.0,0.0,0.0,0.5,0.0,0.0,0.0,2.48,0.0,0.52,0.0,0.0,0.5,0.0,0.0,0.0,0.0,0.0,0.49,0.0,0.0,0.0,0.0,0.0,0.0,0.0,0.0,3.63,0.0,0.0,0.0,176952,enb_ue50_lb.conf,0.0,0.0,0.0,0.0,0.0,5564,11516,5564,1,0.0,0.0,8485923,0,4,-1
2026-08-18T04:38:18,0.09,0.14,0.0,0.0,0.03,99.74,64297.0,2037.9,57980.0,62259.1,0.0,0.1,0.12,0.04,19030,33735,2489,0,61,720,244,85,2200,317,27,3,1944864,0,65.0,1742344,0,0.0,0.0,0.0,0.0,0.5,0.0,0.0,0.0,2.48,0.0,0.52,0.0,0.0,0.5,0.0,0.0,0.0,0.0,0.0,0.49,0.0,0.0,0.0,0.0,0.0,0.0,0.0,0.0,3.63,0.0,0.0,0.0,176953,enb_ue50_lb.conf,5.49,9.99,15.48,0.11,0.2,855584,1666612,855584,15,131.9,0.0,3896075504,731028,51690,-1
2026-08-18T04:38:21,0.15,0.16,0.01,0.0,0.01,99.66,64297.0,2035.5,57982.5,62261.5,0.0,0.1,0.12,0.04,18732,33400,2229,0,90,793,198,281,1322,1102,20,4,1944865,0,64.0,2380148,0,0.0,0.0,0.0,0.0,0.37,0.0,0.0,0.0,1.87,0.0,0.39,0.37,0.0,1.13,0.0,0.37,0.0,1.12,0.0,0.0,0.37,0.0,0.0,0.0,0.37,0.0,0.0,0.37,5.02,0.0,0.0,0.0,176952,enb_ue50_lb.conf,0.0,0.0,0.0,0.0,0.0,5564,11516,5564,1,0.0,0.0,8485923,0,4,-1
2026-08-18T04:38:21,0.15,0.16,0.01,0.0,0.01,99.66,64297.0,2035.5,57982.5,62261.5,0.0,0.1,0.12,0.04,18732,33400,2229,0,90,793,198,281,1322,1102,20,4,1944865,0,64.0,2380148,0,0.0,0.0,0.0,0.0,0.37,0.0,0.0,0.0,1.87,0.0,0.39,0.37,0.0,1.13,0.0,0.37,0.0,1.12,0.0,0.0,0.37,0.0,0.0,0.0,0.37,0.0,0.0,0.37,5.02,0.0,0.0,0.0,176953,enb_ue50_lb.conf,5.23,7.47,12.7,0.14,0.2,855584,1666612,855584,15,99.4,0.0,3901877525,742982,51956,-1
2026-08-18T04:38:24,0.11,0.12,0.0,0.0,0.04,99.74,64297.0,2036.5,57981.5,62260.5,0.0,0.09,0.12,0.04,18730,33408,2335,0,77,732,208,199,1626,0,25,0,1944867,0,65.0,2268793,0,0.0,0.0,0.37,0.0,0.0,0.0,0.0,0.0,2.25,0.0,0.39,0.0,0.0,1.5,0.0,0.0,0.0,0.0,0.0,0.0,0.37,0.0,0.0,0.0,0.0,0.0,0.0,0.0,3.89,0.0,0.0,0.0,176952,enb_ue50_lb.conf,0.0,0.0,0.0,0.0,0.0,5564,11516,5564,1,0.0,0.0,8485923,0,4,-1
2026-08-18T04:38:24,0.11,0.12,0.0,0.0,0.04,99.74,64297.0,2036.5,57981.5,62260.5,0.0,0.09,0.12,0.04,18730,33408,2335,0,77,732,208,199,1626,0,25,0,1944867,0,65.0,2268793,0,0.0,0.0,0.37,0.0,0.0,0.0,0.0,0.0,2.25,0.0,0.39,0.0,0.0,1.5,0.0,0.0,0.0,0.0,0.0,0.0,0.37,0.0,0.0,0.0,0.0,0.0,0.0,0.0,3.89,0.0,0.0,0.0,176953,enb_ue50_lb.conf,5.6,6.35,11.95,0.15,0.17,855584,1666612,855584,15,98.9,0.0,3907639329,742982,52221,-1
2026-08-18T04:38:26,0.14,0.09,0.0,0.0,0.02,99.74,64297.0,2036.9,57981.1,62260.1,0.0,0.09,0.12,0.04,18500,33165,2096,0,77,717,193,191,1028,0,16,0,1944868,0,64.0,1566842,0,0.0,0.0,0.0,0.0,0.37,0.0,0.0,0.0,0.75,0.0,0.0,0.0,0.0,0.37,0.0,0.0,0.0,0.0,0.37,0.0,0.75,0.0,0.0,0.0,0.0,0.0,0.0,0.75,3.89,0.0,0.0,0.0,176952,enb_ue50_lb.conf,0.0,0.0,0.0,0.0,0.0,5564,11516,5564,1,0.0,0.0,8485923,0,4,-1
2026-08-18T04:38:26,0.14,0.09,0.0,0.0,0.02,99.74,64297.0,2036.9,57981.1,62260.1,0.0,0.09,0.12,0.04,18500,33165,2096,0,77,717,193,191,1028,0,16,0,1944868,0,64.0,1566842,0,0.0,0.0,0.0,0.0,0.37,0.0,0.0,0.0,0.75,0.0,0.0,0.0,0.0,0.37,0.0,0.0,0.0,0.0,0.37,0.0,0.75,0.0,0.0,0.0,0.0,0.0,0.0,0.75,3.89,0.0,0.0,0.0,176953,enb_ue50_lb.conf,5.97,5.97,11.94,0.16,0.16,855584,1666612,855584,15,98.9,0.0,3913259445,742982,52486,-1
2026-08-18T04:38:29,0.19,0.14,0.0,0.0,0.01,99.66,64297.0,2038.3,57979.7,62258.7,0.0,0.08,0.11,0.04,18592,33423,2172,0,78,715,212,197,1627,0,25,0,1944869,0,64.0,1295090,0,0.0,0.0,0.75,0.0,0.75,0.0,0.0,0.0,1.87,0.0,0.39,0.0,0.0,0.0,0.0,0.0,0.0,0.0,0.0,0.0,1.12,0.0,0.0,0.0,0.0,0.0,0.0,1.87,5.73,0.0,0.0,0.0,176952,enb_ue50_lb.conf,0.0,0.0,0.0,0.0,0.0,5564,11516,5564,1,0.0,0.0,8485923,0,4,-1
2026-08-18T04:38:29,0.19,0.14,0.0,0.0,0.01,99.66,64297.0,2038.3,57979.7,62258.7,0.0,0.08,0.11,0.04,18592,33423,2172,0,78,715,212,197,1627,0,25,0,1944869,0,64.0,1295090,0,0.0,0.0,0.75,0.0,0.75,0.0,0.0,0.0,1.87,0.0,0.39,0.0,0.0,0.0,0.0,0.0,0.0,0.0,0.0,0.0,1.12,0.0,0.0,0.0,0.0,0.0,0.0,1.87,5.73,0.0,0.0,0.0,176953,enb_ue50_lb.conf,5.97,6.34,12.31,0.16,0.17,855584,1666612,855584,15,98.9,0.0,3918976118,742982,52751,-1
2026-08-18T04:38:32,0.16,0.2,0.0,0.0,0.04,99.6,64297.0,2035.3,57982.7,62261.7,0.0,0.08,0.11,0.04,18501,33338,2093,0,74,714,210,201,1802,0,25,0,1944870,0,65.0,2317425,0,0.0,0.0,0.37,0.0,0.0,0.0,0.0,0.0,2.61,0.0,0.39,0.0,0.0,0.0,0.0,0.0,0.0,0.0,0.0,0.0,1.48,0.0,0.37,0.0,0.0,0.0,0.0,1.13,5.38,0.0,0.0,0.0,176952,enb_ue50_lb.conf,0.0,0.0,0.0,0.0,0.0,5564,11516,5564,1,0.0,0.0,8485923,0,4,-1
2026-08-18T04:38:32,0.16,0.2,0.0,0.0,0.04,99.6,64297.0,2035.3,57982.7,62261.7,0.0,0.08,0.11,0.04,18501,33338,2093,0,74,714,210,201,1802,0,25,0,1944870,0,65.0,2317425,0,0.0,0.0,0.37,0.0,0.0,0.0,0.0,0.0,2.61,0.0,0.39,0.0,0.0,0.0,0.0,0.0,0.0,0.0,0.0,0.0,1.48,0.0,0.37,0.0,0.0,0.0,0.0,1.13,5.38,0.0,0.0,0.0,176953,enb_ue50_lb.conf,4.48,7.47,11.95,0.12,0.2,855584,1666612,855584,15,99.0,0.0,3924705252,742982,53016,-1
2026-08-18T04:38:34,0.12,0.18,0.0,0.0,0.02,99.68,64297.0,2036.7,57981.3,62260.3,0.0,0.07,0.11,0.04,18561,33420,2146,0,79,720,228,206,1006,0,16,0,1944872,0,64.0,2350935,0,0.0,0.0,0.37,0.0,0.0,0.0,0.0,0.0,2.61,0.0,0.0,0.0,0.0,0.0,0.0,0.0,0.0,0.0,0.0,0.0,1.12,0.0,0.0,0.0,0.0,0.0,0.0,1.5,4.63,0.0,0.0,0.0,176952,enb_ue50_lb.conf,0.0,0.0,0.0,0.0,0.0,5564,11516,5564,1,0.0,0.0,8485923,0,4,-1
2026-08-18T04:38:34,0.12,0.18,0.0,0.0,0.02,99.68,64297.0,2036.7,57981.3,62260.3,0.0,0.07,0.11,0.04,18561,33420,2146,0,79,720,228,206,1006,0,16,0,1944872,0,64.0,2350935,0,0.0,0.0,0.37,0.0,0.0,0.0,0.0,0.0,2.61,0.0,0.0,0.0,0.0,0.0,0.0,0.0,0.0,0.0,0.0,0.0,1.12,0.0,0.0,0.0,0.0,0.0,0.0,1.5,4.63,0.0,0.0,0.0,176953,enb_ue50_lb.conf,4.48,7.47,11.95,0.12,0.2,855584,1666612,855584,15,99.0,0.0,3929995570,770594,53281,-1
2026-08-18T04:38:37,0.13,0.12,0.0,0.0,0.0,99.75,64297.0,2038.1,57979.9,62258.9,0.0,0.07,0.11,0.04,18762,33582,2329,0,82,716,244,192,1751,24,27,0,1944873,0,64.0,2358138,0,0.0,0.0,0.0,0.0,0.37,0.0,0.0,0.0,0.0,0.0,0.76,0.0,0.0,0.0,0.0,0.0,0.0,0.0,0.0,0.0,0.75,0.0,0.37,0.0,0.0,0.0,0.0,1.13,4.65,0.0,0.0,0.0,176952,enb_ue50_lb.conf,0.0,0.0,0.0,0.0,0.0,5564,11516,5564,1,0.0,0.0,8485923,0,4,-1
2026-08-18T04:38:37,0.13,0.12,0.0,0.0,0.0,99.75,64297.0,2038.1,57979.9,62258.9,0.0,0.07,0.11,0.04,18762,33582,2329,0,82,716,244,192,1751,24,27,0,1944873,0,64.0,2358138,0,0.0,0.0,0.0,0.0,0.37,0.0,0.0,0.0,0.0,0.0,0.76,0.0,0.0,0.0,0.0,0.0,0.0,0.0,0.0,0.0,0.75,0.0,0.37,0.0,0.0,0.0,0.0,1.13,4.65,0.0,0.0,0.0,176953,enb_ue50_lb.conf,5.61,7.1,12.71,0.15,0.19,855584,1666612,855584,15,99.4,0.0,3932371889,770594,53547,-1
2026-08-18T04:38:40,0.08,0.19,0.0,0.0,0.0,99.73,64297.0,2035.4,57982.6,62261.6,0.0,0.07,0.11,0.04,18487,33303,2092,0,78,709,202,196,982,0,15,0,1944874,0,64.0,1543919,0,0.0,0.0,0.0,0.0,0.0,0.0,0.0,0.0,0.0,0.0,2.23,0.0,0.0,0.0,0.0,0.0,0.0,0.0,0.0,0.0,0.37,0.0,0.37,0.0,0.0,0.0,0.0,1.13,4.26,0.0,0.0,0.0,176952,enb_ue50_lb.conf,0.0,0.0,0.0,0.0,0.0,5564,11516,5564,1,0.0,0.0,8485923,0,4,-1
2026-08-18T04:38:40,0.08,0.19,0.0,0.0,0.0,99.73,64297.0,2035.4,57982.6,62261.6,0.0,0.07,0.11,0.04,18487,33303,2092,0,78,709,202,196,982,0,15,0,1944874,0,64.0,1543919,0,0.0,0.0,0.0,0.0,0.0,0.0,0.0,0.0,0.0,0.0,2.23,0.0,0.0,0.0,0.0,0.0,0.0,0.0,0.0,0.0,0.37,0.0,0.37,0.0,0.0,0.0,0.0,1.13,4.26,0.0,0.0,0.0,176953,enb_ue50_lb.conf,3.36,8.22,11.58,0.09,0.22,855584,1666612,855584,15,99.4,0.0,3935432740,770594,53813,-1
2026-08-18T04:38:42,0.23,0.23,0.0,0.0,0.01,99.52,64297.0,2037.4,57980.5,62259.6,0.0,0.07,0.11,0.04,18993,33764,2265,0,111,966,243,391,6311,1908,76,7,1944876,0,64.0,2397114,0,0.37,0.37,0.0,0.0,0.75,1.87,0.0,1.12,0.75,0.0,0.76,0.37,0.0,0.37,0.0,0.37,0.0,0.0,0.38,0.0,0.37,0.0,0.37,0.37,0.0,0.0,0.0,1.88,5.38,0.0,0.0,0.0,176952,enb_ue50_lb.conf,0.0,0.0,0.0,0.0,0.0,5564,11516,5564,1,0.0,0.0,8485923,0,4,-1
2026-08-18T04:38:42,0.23,0.23,0.0,0.0,0.01,99.52,64297.0,2037.4,57980.5,62259.6,0.0,0.07,0.11,0.04,18993,33764,2265,0,111,966,243,391,6311,1908,76,7,1944876,0,64.0,2397114,0,0.37,0.37,0.0,0.0,0.75,1.87,0.0,1.12,0.75,0.0,0.76,0.37,0.0,0.37,0.0,0.37,0.0,0.0,0.38,0.0,0.37,0.0,0.37,0.37,0.0,0.0,0.0,1.88,5.38,0.0,0.0,0.0,176953,enb_ue50_lb.conf,4.48,7.85,12.33,0.12,0.21,855584,1666612,855584,15,99.0,0.0,3939169574,770594,54078,-1
2026-08-18T04:38:45,0.14,0.14,0.0,0.0,0.0,99.72,64297.0,2038.6,57979.3,62258.4,0.0,0.06,0.11,0.04,18635,33468,2195,0,92,723,219,211,3161,382,34,4,1944877,0,65.0,1710841,0,0.0,0.0,0.37,0.0,0.74,0.0,0.0,0.0,1.13,0.0,0.37,0.0,0.0,0.0,0.0,0.0,0.0,0.0,0.39,0.0,0.75,0.0,0.37,0.0,0.0,0.0,0.0,1.13,4.26,0.0,0.0,0.0,176952,enb_ue50_lb.conf,0.0,0.0,0.0,0.0,0.0,5564,11516,5564,1,0.0,0.0,8485923,0,4,-1
2026-08-18T04:38:45,0.14,0.14,0.0,0.0,0.0,99.72,64297.0,2038.6,57979.3,62258.4,0.0,0.06,0.11,0.04,18635,33468,2195,0,92,723,219,211,3161,382,34,4,1944877,0,65.0,1710841,0,0.0,0.0,0.37,0.0,0.74,0.0,0.0,0.0,1.13,0.0,0.37,0.0,0.0,0.0,0.0,0.0,0.0,0.0,0.39,0.0,0.75,0.0,0.37,0.0,0.0,0.0,0.0,1.13,4.26,0.0,0.0,0.0,176953,enb_ue50_lb.conf,5.97,6.34,12.31,0.16,0.17,855584,1666612,855584,15,99.3,0.0,3944115518,770594,54344,-1
2026-08-18T04:38:48,0.21,0.22,0.0,0.0,0.02,99.54,64297.0,2039.7,57978.3,62257.3,0.0,0.06,0.11,0.04,18918,33697,2289,0,118,873,234,404,989,0,12,0,1944878,0,65.0,2128730,0,0.0,0.37,0.37,0.37,0.0,1.12,0.0,0.0,1.87,0.0,0.37,0.0,0.38,0.0,0.0,0.0,0.0,0.37,0.0,0.0,0.37,0.0,0.37,0.0,0.0,0.0,0.0,2.24,6.46,0.0,0.0,0.0,176952,enb_ue50_lb.conf,0.0,0.0,0.0,0.0,0.0,5564,11516,5564,1,0.0,0.0,8485923,0,4,-1
2026-08-18T04:38:48,0.21,0.22,0.0,0.0,0.02,99.54,64297.0,2039.7,57978.3,62257.3,0.0,0.06,0.11,0.04,18918,33697,2289,0,118,873,234,404,989,0,12,0,1944878,0,65.0,2128730,0,0.0,0.37,0.37,0.37,0.0,1.12,0.0,0.0,1.87,0.0,0.37,0.0,0.38,0.0,0.0,0.0,0.0,0.37,0.0,0.0,0.37,0.0,0.37,0.0,0.0,0.0,0.0,2.24,6.46,0.0,0.0,0.0,176953,enb_ue50_lb.conf,3.74,5.61,9.35,0.1,0.15,855584,1666612,855584,15,75.5,0.0,3948511006,770594,54546,-1
2026-08-18T04:38:50,0.26,0.21,0.0,0.0,0.0,99.52,64297.0,2037.2,57980.7,62259.8,0.0,0.14,0.12,0.05,18898,33628,2300,0,77,871,228,212,1913,1952,24,11,1944879,0,64.0,2201144,0,2.45,0.0,0.49,0.0,0.0,0.49,0.0,0.0,2.44,0.0,0.51,0.0,0.0,0.0,0.97,0.0,0.0,0.0,0.0,0.0,0.49,0.0,1.46,0.0,0.49,0.0,0.0,1.96,4.57,0.0,0.0,0.0,176952,enb_ue50_lb.conf,0.0,0.0,0.0,0.0,0.0,5564,11516,5564,1,0.0,0.0,8485923,0,4,-1
2026-08-18T04:38:50,0.26,0.21,0.0,0.0,0.0,99.52,64297.0,2037.2,57980.7,62259.8,0.0,0.14,0.12,0.05,18898,33628,2300,0,77,871,228,212,1913,1952,24,11,1944879,0,64.0,2201144,0,2.45,0.0,0.49,0.0,0.0,0.49,0.0,0.0,2.44,0.0,0.51,0.0,0.0,0.0,0.97,0.0,0.0,0.0,0.0,0.0,0.49,0.0,1.46,0.0,0.49,0.0,0.0,1.96,4.57,0.0,0.0,0.0,176953,enb_ue50_lb.conf,7.82,8.8,16.62,0.16,0.18,855584,1666612,855584,15,129.6,0.0,3954197053,770594,54811,-1
2026-08-18T04:38:52,0.15,0.15,0.0,0.0,0.01,99.68,64297.0,2038.7,57979.2,62258.3,0.0,0.14,0.12,0.05,18698,33489,2235,0,85,717,224,195,1391,0,22,0,1944881,0,65.0,1882716,0,0.0,0.0,0.0,0.0,0.37,0.0,0.0,0.0,1.87,0.0,0.39,0.0,0.0,0.0,0.0,0.0,0.0,0.0,0.0,0.0,1.48,0.0,0.0,0.0,0.0,0.0,0.0,1.13,4.65,0.0,0.0,0.0,176952,enb_ue50_lb.conf,0.0,0.0,0.0,0.0,0.0,5564,11516,5564,1,0.0,0.0,8485923,0,4,-1
2026-08-18T04:38:52,0.15,0.15,0.0,0.0,0.01,99.68,64297.0,2038.7,57979.2,62258.3,0.0,0.14,0.12,0.05,18698,33489,2235,0,85,717,224,195,1391,0,22,0,1944881,0,65.0,1882716,0,0.0,0.0,0.0,0.0,0.37,0.0,0.0,0.0,1.87,0.0,0.39,0.0,0.0,0.0,0.0,0.0,0.0,0.0,0.0,0.0,1.48,0.0,0.0,0.0,0.0,0.0,0.0,1.13,4.65,0.0,0.0,0.0,176953,enb_ue50_lb.conf,4.48,7.84,12.32,0.12,0.21,855584,1666612,855584,15,98.9,0.0,3959969273,770594,55076,-1
2026-08-18T04:38:55,0.11,0.14,0.0,0.0,0.02,99.73,64297.0,2039.9,57978.1,62257.1,0.0,0.13,0.12,0.05,18541,33385,2143,0,83,708,209,193,1273,0,20,0,1944882,0,64.0,1201349,0,0.0,0.0,0.0,0.0,0.37,0.0,0.0,0.0,1.14,0.0,0.78,0.0,0.0,0.0,0.0,0.0,0.0,0.0,0.0,0.0,0.0,0.0,0.0,0.0,0.0,0.0,0.0,1.87,4.26,0.0,0.0,0.0,176952,enb_ue50_lb.conf,0.0,0.0,0.0,0.0,0.0,5564,11516,5564,1,0.0,0.0,8485923,0,4,-1
2026-08-18T04:38:55,0.11,0.14,0.0,0.0,0.02,99.73,64297.0,2039.9,57978.1,62257.1,0.0,0.13,0.12,0.05,18541,33385,2143,0,83,708,209,193,1273,0,20,0,1944882,0,64.0,1201349,0,0.0,0.0,0.0,0.0,0.37,0.0,0.0,0.0,1.14,0.0,0.78,0.0,0.0,0.0,0.0,0.0,0.0,0.0,0.0,0.0,0.0,0.0,0.0,0.0,0.0,0.0,0.0,1.87,4.26,0.0,0.0,0.0,176953,enb_ue50_lb.conf,5.6,7.09,12.69,0.15,0.19,855584,1666612,855584,15,98.9,0.0,3965756265,770594,55341,-1
2026-08-18T04:38:58,0.18,0.19,0.0,0.0,0.0,99.64,64297.0,2036.8,57981.1,62260.2,0.0,0.13,0.12,0.05,18570,33405,2159,0,70,711,212,194,1197,0,19,0,1944883,0,65.0,1741641,0,0.0,0.0,0.0,0.0,0.37,0.0,0.0,0.0,1.5,0.0,0.39,0.0,0.0,0.0,0.37,0.0,0.0,0.0,0.0,0.0,0.75,0.0,0.37,0.0,0.0,0.0,0.0,1.13,6.44,0.0,0.0,0.0,176952,enb_ue50_lb.conf,0.0,0.0,0.0,0.0,0.0,5564,11516,5564,1,0.0,0.0,8485923,0,4,-1
2026-08-18T04:38:58,0.18,0.19,0.0,0.0,0.0,99.64,64297.0,2036.8,57981.1,62260.2,0.0,0.13,0.12,0.05,18570,33405,2159,0,70,711,212,194,1197,0,19,0,1944883,0,65.0,1741641,0,0.0,0.0,0.0,0.0,0.37,0.0,0.0,0.0,1.5,0.0,0.39,0.0,0.0,0.0,0.37,0.0,0.0,0.0,0.0,0.0,0.75,0.0,0.37,0.0,0.0,0.0,0.0,1.13,6.44,0.0,0.0,0.0,176953,enb_ue50_lb.conf,5.6,5.98,11.58,0.15,0.16,855584,1666612,855584,15,99.0,0.0,3971536858,770594,55606,-1
2026-08-18T04:39:00,0.12,0.12,0.0,0.0,0.01,99.75,64297.0,2037.8,57980.1,62259.2,0.0,0.2,0.14,0.05,18762,33406,2319,0,80,719,206,210,1628,0,25,0,1944885,0,65.0,1210973,0,0.0,0.0,0.0,0.0,0.38,0.0,0.0,0.0,1.14,0.0,0.39,0.0,0.0,0.0,0.37,0.0,0.0,0.0,0.0,0.0,0.37,0.0,0.37,0.0,0.0,0.0,0.0,1.5,4.28,0.0,0.0,0.0,176952,enb_ue50_lb.conf,0.0,0.0,0.0,0.0,0.0,5564,11516,5564,1,0.0,0.0,8485923,0,4,-1
2026-08-18T04:39:00,0.12,0.12,0.0,0.0,0.01,99.75,64297.0,2037.8,57980.1,62259.2,0.0,0.2,0.14,0.05,18762,33406,2319,0,80,719,206,210,1628,0,25,0,1944885,0,65.0,1210973,0,0.0,0.0,0.0,0.0,0.38,0.0,0.0,0.0,1.14,0.0,0.39,0.0,0.0,0.0,0.37,0.0,0.0,0.0,0.0,0.0,0.37,0.0,0.37,0.0,0.0,0.0,0.0,1.5,4.28,0.0,0.0,0.0,176953,enb_ue50_lb.conf,5.6,6.73,12.33,0.15,0.18,855584,1666612,855584,15,99.0,0.0,3977330348,770594,55871,-1
2026-08-18T04:39:03,0.13,0.12,0.0,0.0,0.02,99.73,64297.0,2038.6,57979.3,62258.4,0.0,0.2,0.14,0.05,18647,33324,2232,0,72,713,226,191,1287,0,20,0,1944886,0,64.0,1688904,0,0.0,0.0,0.0,0.0,0.0,0.0,0.0,0.0,1.13,0.0,0.0,0.0,0.0,0.0,0.37,0.0,0.0,0.0,0.0,0.0,0.75,0.0,0.37,0.0,0.0,0.0,0.0,1.5,4.26,0.0,0.0,0.0,176952,enb_ue50_lb.conf,0.0,0.0,0.0,0.0,0.0,5564,11516,5564,1,0.0,0.0,8485923,0,4,-1
2026-08-18T04:39:03,0.13,0.12,0.0,0.0,0.02,99.73,64297.0,2038.6,57979.3,62258.4,0.0,0.2,0.14,0.05,18647,33324,2232,0,72,713,226,191,1287,0,20,0,1944886,0,64.0,1688904,0,0.0,0.0,0.0,0.0,0.0,0.0,0.0,0.0,1.13,0.0,0.0,0.0,0.0,0.0,0.37,0.0,0.0,0.0,0.0,0.0,0.75,0.0,0.37,0.0,0.0,0.0,0.0,1.5,4.26,0.0,0.0,0.0,176953,enb_ue50_lb.conf,4.85,7.46,12.31,0.13,0.2,855584,1666612,855584,15,98.9,0.0,3983019060,770594,56136,-1
2026-08-18T04:39:06,0.15,0.2,0.0,0.0,0.0,99.65,64297.0,2040.5,57977.5,62256.5,0.0,0.26,0.15,0.06,18863,33503,2401,0,81,756,231,198,1701,0,27,0,1944887,0,64.0,1694335,0,0.0,0.0,0.0,0.0,0.75,0.0,0.0,0.0,0.0,0.0,0.78,0.0,0.0,0.0,1.5,0.0,0.0,0.0,0.0,0.0,1.12,0.0,0.37,0.0,0.0,0.0,0.0,1.13,5.75,0.0,0.0,0.0,176952,enb_ue50_lb.conf,0.0,0.0,0.0,0.0,0.0,5564,11516,5564,1,0.0,0.0,8485923,0,4,-1
2026-08-18T04:39:06,0.15,0.2,0.0,0.0,0.0,99.65,64297.0,2040.5,57977.5,62256.5,0.0,0.26,0.15,0.06,18863,33503,2401,0,81,756,231,198,1701,0,27,0,1944887,0,64.0,1694335,0,0.0,0.0,0.0,0.0,0.75,0.0,0.0,0.0,0.0,0.0,0.78,0.0,0.0,0.0,1.5,0.0,0.0,0.0,0.0,0.0,1.12,0.0,0.37,0.0,0.0,0.0,0.0,1.13,5.75,0.0,0.0,0.0,176953,enb_ue50_lb.conf,3.74,8.22,11.96,0.1,0.22,855584,1666612,855584,15,99.0,0.0,3988614535,778086,56401,-1
2026-08-18T04:39:09,0.14,0.15,0.0,0.0,0.01,99.7,64297.0,2037.5,57980.4,62259.5,0.0,0.24,0.15,0.06,18567,33255,2138,0,78,722,207,196,1462,0,23,0,1944889,0,64.0,1978052,0,0.0,0.0,0.0,0.0,0.37,0.0,0.0,0.0,0.75,0.0,0.0,0.0,0.0,0.0,0.38,0.0,0.0,0.0,0.0,0.0,0.37,0.0,0.37,0.0,0.0,0.0,0.0,1.5,5.36,0.0,0.0,0.0,176952,enb_ue50_lb.conf,0.0,0.0,0.0,0.0,0.0,5564,11516,5564,1,0.0,0.0,8485923,0,4,-1
2026-08-18T04:39:09,0.14,0.15,0.0,0.0,0.01,99.7,64297.0,2037.5,57980.4,62259.5,0.0,0.24,0.15,0.06,18567,33255,2138,0,78,722,207,196,1462,0,23,0,1944889,0,64.0,1978052,0,0.0,0.0,0.0,0.0,0.37,0.0,0.0,0.0,0.75,0.0,0.0,0.0,0.0,0.0,0.38,0.0,0.0,0.0,0.0,0.0,0.37,0.0,0.37,0.0,0.0,0.0,0.0,1.5,5.36,0.0,0.0,0.0,176953,enb_ue50_lb.conf,4.86,6.73,11.59,0.13,0.18,855584,1666612,855584,15,99.0,0.0,3994312466,788792,56666,-1
2026-08-18T04:39:11,0.12,0.19,0.0,0.0,0.02,99.67,64297.0,2036.9,57981.0,62260.1,0.0,0.24,0.15,0.06,18232,32929,1844,0,86,699,166,202,1681,48,24,1,1944890,0,64.0,2391879,0,0.0,0.0,1.12,0.0,0.37,0.0,0.0,0.0,0.75,0.0,0.0,0.0,0.0,0.0,0.0,0.0,0.0,0.0,0.0,0.0,0.75,0.0,0.37,0.0,1.12,0.0,0.0,1.13,5.36,0.0,0.0,0.0,176952,enb_ue50_lb.conf,0.0,0.0,0.0,0.0,0.0,5564,11516,5564,1,0.0,0.0,8485923,0,4,-1
2026-08-18T04:39:11,0.12,0.19,0.0,0.0,0.02,99.67,64297.0,2036.9,57981.0,62260.1,0.0,0.24,0.15,0.06,18232,32929,1844,0,86,699,166,202,1681,48,24,1,1944890,0,64.0,2391879,0,0.0,0.0,1.12,0.0,0.37,0.0,0.0,0.0,0.75,0.0,0.0,0.0,0.0,0.0,0.0,0.0,0.0,0.0,0.0,0.0,0.75,0.0,0.37,0.0,1.12,0.0,0.0,1.13,5.36,0.0,0.0,0.0,176953,enb_ue50_lb.conf,4.11,7.47,11.58,0.11,0.2,855584,1666612,855584,15,99.0,0.0,4000191625,801654,56931,-1
2026-08-18T04:39:14,0.12,0.14,0.0,0.0,0.0,99.74,64297.0,2036.8,57981.1,62260.2,0.0,0.22,0.14,0.06,18383,33061,1960,0,91,721,164,189,1870,0,28,0,1944891,0,65.0,2199712,0,0.0,0.0,0.0,0.0,1.12,0.0,0.0,0.0,0.0,0.0,0.39,0.0,0.0,0.0,0.37,0.0,0.0,0.0,0.0,0.0,0.0,0.0,0.0,0.0,0.75,0.0,0.0,1.5,4.28,0.0,0.0,0.0,176952,enb_ue50_lb.conf,0.0,0.0,0.0,0.0,0.0,5564,11516,5564,1,0.0,0.0,8485923,0,4,-1
2026-08-18T04:39:14,0.12,0.14,0.0,0.0,0.0,99.74,64297.0,2036.8,57981.1,62260.2,0.0,0.22,0.14,0.06,18383,33061,1960,0,91,721,164,189,1870,0,28,0,1944891,0,65.0,2199712,0,0.0,0.0,0.0,0.0,1.12,0.0,0.0,0.0,0.0,0.0,0.39,0.0,0.0,0.0,0.37,0.0,0.0,0.0,0.0,0.0,0.0,0.0,0.0,0.0,0.75,0.0,0.0,1.5,4.28,0.0,0.0,0.0,176953,enb_ue50_lb.conf,4.48,7.1,11.58,0.12,0.19,855584,1666612,855584,15,99.0,0.0,4005939263,801654,57195,-1
2026-08-18T04:39:17,0.11,0.14,0.0,0.0,0.0,99.75,64297.0,2038.7,57979.2,62258.3,0.0,0.22,0.14,0.06,18855,33430,2436,0,69,719,235,196,1009,24,14,0,1944893,0,64.0,1711094,0,0.0,0.0,0.0,0.0,0.37,0.0,0.0,0.0,0.0,0.0,0.39,0.0,0.0,0.0,0.0,0.0,0.0,0.0,0.0,0.0,0.37,0.0,0.75,0.0,1.13,0.0,0.0,1.5,3.52,0.0,0.0,0.0,176952,enb_ue50_lb.conf,0.0,0.0,0.0,0.0,0.0,5564,11516,5564,1,0.0,0.0,8485923,0,4,-1
2026-08-18T04:39:17,0.11,0.14,0.0,0.0,0.0,99.75,64297.0,2038.7,57979.2,62258.3,0.0,0.22,0.14,0.06,18855,33430,2436,0,69,719,235,196,1009,24,14,0,1944893,0,64.0,1711094,0,0.0,0.0,0.0,0.0,0.37,0.0,0.0,0.0,0.0,0.0,0.39,0.0,0.0,0.0,0.0,0.0,0.0,0.0,0.0,0.0,0.37,0.0,0.75,0.0,1.13,0.0,0.0,1.5,3.52,0.0,0.0,0.0,176953,enb_ue50_lb.conf,4.86,7.85,12.71,0.13,0.21,855584,1666612,855584,15,98.6,0.0,4011697254,808792,57460,-1
2026-08-18T04:39:19,0.18,0.14,0.0,0.0,0.01,99.67,64297.0,2040.1,57977.8,62256.9,0.0,0.2,0.14,0.06,18812,33473,2398,0,73,713,213,200,1820,0,28,0,1944894,0,65.0,2310636,0,0.0,0.0,0.0,0.0,1.12,0.0,0.0,0.0,0.75,0.0,0.0,0.0,0.0,0.0,0.37,0.0,0.0,0.0,0.0,0.0,0.75,0.0,0.0,0.0,0.75,0.0,0.0,1.5,5.38,0.0,0.0,0.0,176952,enb_ue50_lb.conf,0.0,0.0,0.0,0.0,0.0,5564,11516,5564,1,0.0,0.0,8485923,0,4,-1
2026-08-18T04:39:19,0.18,0.14,0.0,0.0,0.01,99.67,64297.0,2040.1,57977.8,62256.9,0.0,0.2,0.14,0.06,18812,33473,2398,0,73,713,213,200,1820,0,28,0,1944894,0,65.0,2310636,0,0.0,0.0,0.0,0.0,1.12,0.0,0.0,0.0,0.75,0.0,0.0,0.0,0.0,0.0,0.37,0.0,0.0,0.0,0.0,0.0,0.75,0.0,0.0,0.0,0.75,0.0,0.0,1.5,5.38,0.0,0.0,0.0,176953,enb_ue50_lb.conf,5.61,6.35,11.96,0.15,0.17,855584,1666612,855584,15,99.0,0.0,4017470467,808792,57725,-1
2026-08-18T04:39:22,0.07,0.14,0.0,0.0,0.0,99.79,64297.0,2036.8,57981.1,62260.2,0.0,0.2,0.14,0.06,18544,33252,2128,0,78,713,202,197,2141,59,33,1,1944895,0,64.0,2074034,0,0.0,0.0,0.37,0.0,0.0,0.0,0.0,0.0,0.38,0.0,0.75,0.0,0.0,0.0,0.0,0.0,0.0,0.0,0.39,0.0,0.37,0.0,0.37,0.0,0.37,0.0,0.0,1.5,3.89,0.0,0.0,0.0,176952,enb_ue50_lb.conf,0.0,0.0,0.0,0.0,0.0,5564,11516,5564,1,0.0,0.0,8485923,0,4,-1
2026-08-18T04:39:22,0.07,0.14,0.0,0.0,0.0,99.79,64297.0,2036.8,57981.1,62260.2,0.0,0.2,0.14,0.06,18544,33252,2128,0,78,713,202,197,2141,59,33,1,1944895,0,64.0,2074034,0,0.0,0.0,0.37,0.0,0.0,0.0,0.0,0.0,0.38,0.0,0.75,0.0,0.0,0.0,0.0,0.0,0.0,0.0,0.39,0.0,0.37,0.0,0.37,0.0,0.37,0.0,0.0,1.5,3.89,0.0,0.0,0.0,176953,enb_ue50_lb.conf,3.74,8.59,12.33,0.1,0.23,855584,1666612,855584,15,99.0,0.0,4022934199,808792,57990,-1
2026-08-18T04:39:25,0.09,0.15,0.0,0.0,0.0,99.75,64297.0,2038.8,57979.1,62258.2,0.0,0.19,0.14,0.06,18918,33533,2482,0,72,725,240,198,1628,0,25,0,1944897,0,64.0,2069959,0,0.0,0.0,0.0,0.0,0.0,0.0,0.0,0.0,0.0,0.0,1.5,0.0,0.0,0.0,0.0,0.0,0.0,0.0,0.39,0.0,0.38,0.0,0.0,0.0,0.0,0.0,0.0,1.13,3.53,0.0,0.0,0.0,176952,enb_ue50_lb.conf,0.0,0.0,0.0,0.0,0.0,5564,11516,5564,1,0.0,0.0,8485923,0,4,-1
2026-08-18T04:39:25,0.09,0.15,0.0,0.0,0.0,99.75,64297.0,2038.8,57979.1,62258.2,0.0,0.19,0.14,0.06,18918,33533,2482,0,72,725,240,198,1628,0,25,0,1944897,0,64.0,2069959,0,0.0,0.0,0.0,0.0,0.0,0.0,0.0,0.0,0.0,0.0,1.5,0.0,0.0,0.0,0.0,0.0,0.0,0.0,0.39,0.0,0.38,0.0,0.0,0.0,0.0,0.0,0.0,1.13,3.53,0.0,0.0,0.0,176953,enb_ue50_lb.conf,3.74,8.22,11.96,0.1,0.22,855584,1666612,855584,15,99.8,0.0,4025293119,808792,58257,-1
2026-08-18T04:39:27,0.12,0.14,0.0,0.0,0.0,99.74,64297.0,2039.7,57978.2,62257.3,0.0,0.19,0.14,0.06,18699,33286,2236,0,77,717,212,198,1913,0,30,0,1944898,0,64.0,1291141,0,0.0,0.0,0.0,0.0,0.37,0.0,0.0,0.0,0.0,0.0,1.5,0.37,0.0,0.0,0.0,0.0,0.0,0.0,0.0,0.0,0.37,0.0,0.37,0.0,0.0,0.0,0.0,1.12,5.0,0.0,0.0,0.0,176952,enb_ue50_lb.conf,0.0,0.0,0.0,0.0,0.0,5564,11516,5564,1,0.0,0.0,8485923,0,4,-1
2026-08-18T04:39:27,0.12,0.14,0.0,0.0,0.0,99.74,64297.0,2039.7,57978.2,62257.3,0.0,0.19,0.14,0.06,18699,33286,2236,0,77,717,212,198,1913,0,30,0,1944898,0,64.0,1291141,0,0.0,0.0,0.0,0.0,0.37,0.0,0.0,0.0,0.0,0.0,1.5,0.37,0.0,0.0,0.0,0.0,0.0,0.0,0.0,0.0,0.37,0.0,0.37,0.0,0.0,0.0,0.0,1.12,5.0,0.0,0.0,0.0,176953,enb_ue50_lb.conf,4.48,7.46,11.94,0.12,0.2,855584,1666612,855584,15,99.2,0.0,4027700367,816931,58523,-1
2026-08-18T04:39:30,0.13,0.19,0.0,0.0,0.0,99.68,64297.0,2036.4,57981.4,62260.6,0.0,0.17,0.14,0.06,18756,33453,2312,0,74,757,210,199,1077,0,17,0,1944899,0,65.0,2376153,0,0.0,0.0,0.0,0.0,0.0,0.0,0.0,0.0,0.0,0.0,2.23,1.13,0.0,0.0,0.0,0.0,0.0,0.0,0.39,0.0,0.37,0.0,0.37,0.0,0.0,0.0,0.0,0.0,5.0,0.0,0.0,0.0,176952,enb_ue50_lb.conf,0.0,0.0,0.0,0.0,0.0,5564,11516,5564,1,0.0,0.0,8485923,0,4,-1
2026-08-18T04:39:30,0.13,0.19,0.0,0.0,0.0,99.68,64297.0,2036.4,57981.4,62260.6,0.0,0.17,0.14,0.06,18756,33453,2312,0,74,757,210,199,1077,0,17,0,1944899,0,65.0,2376153,0,0.0,0.0,0.0,0.0,0.0,0.0,0.0,0.0,0.0,0.0,2.23,1.13,0.0,0.0,0.0,0.0,0.0,0.0,0.39,0.0,0.37,0.0,0.37,0.0,0.0,0.0,0.0,0.0,5.0,0.0,0.0,0.0,176953,enb_ue50_lb.conf,4.48,7.09,11.57,0.12,0.19,855584,1666612,855584,15,99.3,0.0,4030064842,828070,58789,-1
2026-08-18T04:39:33,0.12,0.14,0.0,0.0,0.0,99.74,64297.0,2036.6,57981.2,62260.4,0.0,0.17,0.14,0.06,18318,33019,1922,0,88,720,169,189,3209,0,50,0,1944901,0,65.0,1928666,0,0.0,0.0,0.0,0.0,0.0,0.0,0.0,0.0,0.0,0.0,1.86,1.5,0.0,0.0,0.0,0.0,0.0,0.0,0.0,0.0,0.75,0.0,0.37,0.0,0.0,0.0,0.0,0.0,4.28,0.0,0.0,0.0,176952,enb_ue50_lb.conf,0.0,0.0,0.0,0.0,0.0,5564,11516,5564,1,0.0,0.0,8485923,0,4,-1
2026-08-18T04:39:33,0.12,0.14,0.0,0.0,0.0,99.74,64297.0,2036.6,57981.2,62260.4,0.0,0.17,0.14,0.06,18318,33019,1922,0,88,720,169,189,3209,0,50,0,1944901,0,65.0,1928666,0,0.0,0.0,0.0,0.0,0.0,0.0,0.0,0.0,0.0,0.0,1.86,1.5,0.0,0.0,0.0,0.0,0.0,0.0,0.0,0.0,0.75,0.0,0.37,0.0,0.0,0.0,0.0,0.0,4.28,0.0,0.0,0.0,176953,enb_ue50_lb.conf,4.86,6.73,11.59,0.13,0.18,855584,1666612,855584,15,99.4,0.0,4032432098,837948,59055,-1
2026-08-18T04:39:35,0.14,0.11,0.0,0.0,0.01,99.74,64297.0,2037.2,57980.7,62259.8,0.0,0.16,0.13,0.05,18420,33117,2024,0,89,740,184,212,2008,102,28,1,1944902,0,65.0,1201765,0,0.0,0.0,0.0,0.0,0.74,0.0,0.0,0.0,0.0,0.0,1.13,1.5,0.0,0.0,0.0,0.0,0.0,0.0,0.0,0.0,0.0,0.0,0.0,0.0,0.0,0.0,0.0,0.0,3.89,0.0,0.0,0.0,176952,enb_ue50_lb.conf,0.0,0.0,0.0,0.0,0.0,5564,11516,5564,1,0.0,0.0,8485923,0,4,-1
2026-08-18T04:39:35,0.14,0.11,0.0,0.0,0.01,99.74,64297.0,2037.2,57980.7,62259.8,0.0,0.16,0.13,0.05,18420,33117,2024,0,89,740,184,212,2008,102,28,1,1944902,0,65.0,1201765,0,0.0,0.0,0.0,0.0,0.74,0.0,0.0,0.0,0.0,0.0,1.13,1.5,0.0,0.0,0.0,0.0,0.0,0.0,0.0,0.0,0.0,0.0,0.0,0.0,0.0,0.0,0.0,0.0,3.89,0.0,0.0,0.0,176953,enb_ue50_lb.conf,4.86,6.73,11.59,0.13,0.18,855584,1666612,855584,15,99.4,0.0,4034777425,837948,59321,-1
2026-08-18T04:39:38,0.11,0.15,0.0,0.0,0.0,99.74,64297.0,2040.3,57977.6,62256.7,0.0,0.16,0.13,0.05,18020,32829,1624,0,90,721,121,204,1252,0,16,0,1944903,0,65.0,2328587,0,0.0,0.0,0.0,0.0,0.0,0.0,0.0,0.0,0.0,0.0,1.12,1.13,0.0,0.0,0.0,0.0,0.0,0.0,0.0,0.0,1.11,0.0,0.37,0.0,0.0,0.0,0.0,0.0,5.0,0.0,0.0,0.0,176952,enb_ue50_lb.conf,0.0,0.0,0.0,0.0,0.0,5564,11516,5564,1,0.0,0.0,8485923,0,4,-1
2026-08-18T04:39:38,0.11,0.15,0.0,0.0,0.0,99.74,64297.0,2040.3,57977.6,62256.7,0.0,0.16,0.13,0.05,18020,32829,1624,0,90,721,121,204,1252,0,16,0,1944903,0,65.0,2328587,0,0.0,0.0,0.0,0.0,0.0,0.0,0.0,0.0,0.0,0.0,1.12,1.13,0.0,0.0,0.0,0.0,0.0,0.0,0.0,0.0,1.11,0.0,0.37,0.0,0.0,0.0,0.0,0.0,5.0,0.0,0.0,0.0,176953,enb_ue50_lb.conf,4.11,6.73,10.84,0.11,0.18,855584,1666612,855584,15,99.0,0.0,4040278767,837948,59586,-1
2026-08-18T04:39:41,0.11,0.2,0.0,0.0,0.0,99.7,64297.0,2036.7,57981.2,62260.3,0.0,0.22,0.15,0.06,18428,33147,2023,0,81,741,197,220,2007,0,27,0,1944905,0,64.0,2096838,0,0.0,0.0,0.37,0.0,0.37,0.0,0.0,0.0,0.0,0.0,0.75,1.5,0.37,0.0,0.0,0.0,0.0,0.0,0.39,0.0,0.0,0.0,0.37,0.0,0.0,0.0,0.0,0.0,5.75,0.0,0.0,0.0,176952,enb_ue50_lb.conf,0.0,0.0,0.0,0.0,0.0,5564,11516,5564,1,0.0,0.0,8485923,0,4,-1
2026-08-18T04:39:41,0.11,0.2,0.0,0.0,0.0,99.7,64297.0,2036.7,57981.2,62260.3,0.0,0.22,0.15,0.06,18428,33147,2023,0,81,741,197,220,2007,0,27,0,1944905,0,64.0,2096838,0,0.0,0.0,0.37,0.0,0.37,0.0,0.0,0.0,0.0,0.0,0.75,1.5,0.37,0.0,0.0,0.0,0.0,0.0,0.39,0.0,0.0,0.0,0.37,0.0,0.0,0.0,0.0,0.0,5.75,0.0,0.0,0.0,176953,enb_ue50_lb.conf,2.62,9.34,11.96,0.07,0.25,855584,1666612,855584,15,98.7,0.0,4046020952,837948,59850,-1
2026-08-18T04:39:43,0.14,0.14,0.0,0.0,0.01,99.71,64297.0,2037.4,57980.5,62259.6,0.0,0.22,0.15,0.06,18776,33316,2356,0,83,755,223,200,1829,26,27,0,1944906,0,64.0,2310252,0,0.0,0.0,0.0,0.0,0.75,0.0,0.0,0.0,2.6,0.0,0.0,1.13,0.0,0.0,0.74,0.0,0.0,0.0,0.0,0.0,0.37,0.0,0.37,0.0,0.0,0.0,0.0,0.0,4.28,0.0,0.0,0.0,176952,enb_ue50_lb.conf,0.0,0.0,0.0,0.0,0.0,5564,11516,5564,1,0.0,0.0,8485923,0,4,-1
2026-08-18T04:39:43,0.14,0.14,0.0,0.0,0.01,99.71,64297.0,2037.4,57980.5,62259.6,0.0,0.22,0.15,0.06,18776,33316,2356,0,83,755,223,200,1829,26,27,0,1944906,0,64.0,2310252,0,0.0,0.0,0.0,0.0,0.75,0.0,0.0,0.0,2.6,0.0,0.0,1.13,0.0,0.0,0.74,0.0,0.0,0.0,0.0,0.0,0.37,0.0,0.37,0.0,0.0,0.0,0.0,0.0,4.28,0.0,0.0,0.0,176953,enb_ue50_lb.conf,5.61,6.35,11.96,0.15,0.17,855584,1666612,855584,15,99.0,0.0,4051819889,850049,60115,-1
2026-08-18T04:39:46,0.11,0.14,0.0,0.0,0.02,99.73,64297.0,2039.2,57978.6,62257.8,0.0,0.21,0.15,0.06,18940,33529,2515,0,74,746,232,206,1617,0,21,0,1944907,0,65.0,1564602,0,0.0,0.0,0.0,0.0,0.37,0.0,0.0,0.0,1.51,0.0,0.77,1.5,0.0,0.0,0.37,0.0,0.0,0.0,0.0,0.0,0.37,0.0,0.0,0.0,0.0,0.0,0.0,0.0,3.89,0.0,0.0,0.0,176952,enb_ue50_lb.conf,0.0,0.0,0.0,0.0,0.0,5564,11516,5564,1,0.0,0.0,8485923,0,4,-1
2026-08-18T04:39:46,0.11,0.14,0.0,0.0,0.02,99.73,64297.0,2039.2,57978.6,62257.8,0.0,0.21,0.15,0.06,18940,33529,2515,0,74,746,232,206,1617,0,21,0,1944907,0,65.0,1564602,0,0.0,0.0,0.0,0.0,0.37,0.0,0.0,0.0,1.51,0.0,0.77,1.5,0.0,0.0,0.37,0.0,0.0,0.0,0.0,0.0,0.37,0.0,0.0,0.0,0.0,0.0,0.0,0.0,3.89,0.0,0.0,0.0,176953,enb_ue50_lb.conf,4.48,8.22,12.7,0.12,0.22,855584,1666612,855584,15,99.0,0.0,4057587729,850049,60380,-1
2026-08-18T04:39:49,0.14,0.14,0.0,0.0,0.01,99.71,64297.0,2036.7,57981.1,62260.3,0.0,0.19,0.14,0.06,18883,33456,2473,0,74,731,224,198,1676,0,26,0,1944909,0,64.0,2152200,0,0.0,0.0,0.0,0.0,0.37,0.0,0.0,0.0,2.25,0.0,0.0,1.13,0.0,0.0,0.0,0.0,0.0,0.0,0.0,0.0,0.38,0.0,0.37,0.0,0.0,0.0,0.0,0.0,4.28,0.0,0.0,0.0,176952,enb_ue50_lb.conf,0.0,0.0,0.0,0.0,0.0,5564,11516,5564,1,0.0,0.0,8485923,0,4,-1
2026-08-18T04:39:49,0.14,0.14,0.0,0.0,0.01,99.71,64297.0,2036.7,57981.1,62260.3,0.0,0.19,0.14,0.06,18883,33456,2473,0,74,731,224,198,1676,0,26,0,1944909,0,64.0,2152200,0,0.0,0.0,0.0,0.0,0.37,0.0,0.0,0.0,2.25,0.0,0.0,1.13,0.0,0.0,0.0,0.0,0.0,0.0,0.0,0.0,0.38,0.0,0.37,0.0,0.0,0.0,0.0,0.0,4.28,0.0,0.0,0.0,176953,enb_ue50_lb.conf,6.35,5.98,12.33,0.17,0.16,855584,1666612,855584,15,99.0,0.0,4063359421,850049,60645,-1
2026-08-18T04:39:51,0.12,0.14,0.0,0.0,0.01,99.73,64297.0,2037.4,57980.5,62259.6,0.0,0.19,0.14,0.06,18769,33333,2369,0,81,742,217,206,1085,0,17,0,1944910,0,65.0,2202247,0,0.0,0.0,0.0,0.0,0.74,0.0,0.0,0.0,1.87,0.0,0.0,1.5,0.0,0.0,0.0,0.0,0.0,0.0,0.0,0.0,0.37,0.0,0.0,0.0,0.0,0.0,0.0,0.0,4.63,0.0,0.0,0.0,176952,enb_ue50_lb.conf,0.0,0.0,0.0,0.0,0.0,5564,11516,5564,1,0.0,0.0,8485923,0,4,-1
2026-08-18T04:39:51,0.12,0.14,0.0,0.0,0.01,99.73,64297.0,2037.4,57980.5,62259.6,0.0,0.19,0.14,0.06,18769,33333,2369,0,81,742,217,206,1085,0,17,0,1944910,0,65.0,2202247,0,0.0,0.0,0.0,0.0,0.74,0.0,0.0,0.0,1.87,0.0,0.0,1.5,0.0,0.0,0.0,0.0,0.0,0.0,0.0,0.0,0.37,0.0,0.0,0.0,0.0,0.0,0.0,0.0,4.63,0.0,0.0,0.0,176953,enb_ue50_lb.conf,4.11,8.22,12.33,0.11,0.22,855584,1666612,855584,15,99.0,0.0,4069148444,850049,60910,-1
2026-08-18T04:39:54,0.14,0.14,0.0,0.0,0.01,99.71,64297.0,2037.9,57979.9,62259.1,0.0,0.17,0.14,0.06,18686,33268,2252,0,82,763,204,198,1763,0,25,0,1944911,0,66.0,1240904,0,0.0,0.0,0.0,0.0,0.37,0.0,0.0,0.0,0.0,0.0,1.12,1.5,0.0,0.0,0.37,0.0,0.0,0.0,0.39,0.0,0.75,0.0,0.0,0.0,0.0,0.0,0.0,0.0,5.02,0.0,0.0,0.0,176952,enb_ue50_lb.conf,0.0,0.0,0.0,0.0,0.0,5564,11516,5564,1,0.0,0.0,8485923,0,4,-1
2026-08-18T04:39:54,0.14,0.14,0.0,0.0,0.01,99.71,64297.0,2037.9,57979.9,62259.1,0.0,0.17,0.14,0.06,18686,33268,2252,0,82,763,204,198,1763,0,25,0,1944911,0,66.0,1240904,0,0.0,0.0,0.0,0.0,0.37,0.0,0.0,0.0,0.0,0.0,1.12,1.5,0.0,0.0,0.37,0.0,0.0,0.0,0.39,0.0,0.75,0.0,0.0,0.0,0.0,0.0,0.0,0.0,5.02,0.0,0.0,0.0,176953,enb_ue50_lb.conf,4.86,6.73,11.59,0.13,0.18,855584,1666612,855584,15,99.0,0.0,4074923206,850049,61175,-1
2026-08-18T04:39:57,0.12,0.14,0.0,0.0,0.0,99.74,64297.0,2039.1,57978.7,62257.9,0.0,0.17,0.14,0.06,18801,33356,2380,0,81,750,224,192,1932,0,30,0,1944912,0,65.0,2131139,0,0.0,0.0,0.0,0.0,0.37,0.0,0.0,0.0,0.0,0.0,1.87,1.13,0.0,0.0,0.37,0.0,0.0,0.0,0.0,0.0,0.75,0.0,1.11,0.0,0.0,0.0,0.0,0.0,3.14,0.0,0.0,0.0,176952,enb_ue50_lb.conf,0.0,0.0,0.0,0.0,0.0,5564,11516,5564,1,0.0,0.0,8485923,0,4,-1
2026-08-18T04:39:57,0.12,0.14,0.0,0.0,0.0,99.74,64297.0,2039.1,57978.7,62257.9,0.0,0.17,0.14,0.06,18801,33356,2380,0,81,750,224,192,1932,0,30,0,1944912,0,65.0,2131139,0,0.0,0.0,0.0,0.0,0.37,0.0,0.0,0.0,0.0,0.0,1.87,1.13,0.0,0.0,0.37,0.0,0.0,0.0,0.0,0.0,0.75,0.0,1.11,0.0,0.0,0.0,0.0,0.0,3.14,0.0,0.0,0.0,176953,enb_ue50_lb.conf,3.74,8.59,12.33,0.1,0.23,855584,1666612,855584,15,99.0,0.0,4080694978,850049,61440,-1
2026-08-18T04:39:59,0.15,0.16,0.0,0.0,0.01,99.67,64297.0,2037.3,57980.6,62259.7,0.0,0.16,0.14,0.06,18914,33448,2508,0,72,746,243,198,1327,40,18,0,1944914,0,64.0,2200141,0,0.0,0.0,0.0,0.0,0.37,0.0,0.0,0.0,0.0,0.0,2.23,1.5,0.0,0.0,0.0,0.0,0.0,0.0,0.0,0.0,0.37,0.0,0.0,0.0,0.0,0.0,0.0,0.0,5.0,0.0,0.0,0.0,176952,enb_ue50_lb.conf,0.0,0.0,0.0,0.0,0.0,5564,11516,5564,1,0.0,0.0,8485923,0,4,-1
2026-08-18T04:39:59,0.15,0.16,0.0,0.0,0.01,99.67,64297.0,2037.3,57980.6,62259.7,0.0,0.16,0.14,0.06,18914,33448,2508,0,72,746,243,198,1327,40,18,0,1944914,0,64.0,2200141,0,0.0,0.0,0.0,0.0,0.37,0.0,0.0,0.0,0.0,0.0,2.23,1.5,0.0,0.0,0.0,0.0,0.0,0.0,0.0,0.0,0.37,0.0,0.0,0.0,0.0,0.0,0.0,0.0,5.0,0.0,0.0,0.0,176953,enb_ue50_lb.conf,5.97,5.97,11.94,0.16,0.16,855584,1666612,855584,15,98.9,0.0,4086465578,850049,61705,-1
2026-08-18T04:40:02,0.14,0.15,0.0,0.0,0.0,99.71,64297.0,2037.9,57979.9,62259.1,0.0,0.16,0.14,0.06,18851,33370,2404,0,76,761,225,200,1747,0,27,0,1944915,0,64.0,1419413,0,0.0,0.0,0.0,0.0,0.37,0.0,0.0,0.0,0.0,0.0,1.5,1.13,0.0,0.0,0.0,0.0,0.0,0.0,0.0,0.0,0.37,0.0,0.0,0.0,0.37,0.0,0.0,0.0,5.75,0.0,0.0,0.0,176952,enb_ue50_lb.conf,0.0,0.0,0.0,0.0,0.0,5564,11516,5564,1,0.0,0.0,8485923,0,4,-1
2026-08-18T04:40:02,0.14,0.15,0.0,0.0,0.0,99.71,64297.0,2037.9,57979.9,62259.1,0.0,0.16,0.14,0.06,18851,33370,2404,0,76,761,225,200,1747,0,27,0,1944915,0,64.0,1419413,0,0.0,0.0,0.0,0.0,0.37,0.0,0.0,0.0,0.0,0.0,1.5,1.13,0.0,0.0,0.0,0.0,0.0,0.0,0.0,0.0,0.37,0.0,0.0,0.0,0.37,0.0,0.0,0.0,5.75,0.0,0.0,0.0,176953,enb_ue50_lb.conf,4.86,7.47,12.33,0.13,0.2,855584,1666612,855584,15,98.7,0.0,4092297800,862193,61969,-1
2026-08-18T04:40:05,0.14,0.12,0.0,0.0,0.0,99.74,64297.0,2039.8,57978.1,62257.2,0.0,0.15,0.14,0.06,18968,33472,2520,0,77,763,237,197,1269,24,20,0,1944916,0,64.0,2383001,0,0.0,0.0,0.0,0.0,0.0,0.0,0.0,0.0,0.0,0.0,1.13,1.5,0.0,0.0,0.0,0.0,0.0,0.0,0.39,0.0,0.75,0.0,0.37,0.0,0.0,0.0,0.0,0.0,4.63,0.0,0.0,0.0,176952,enb_ue50_lb.conf,0.0,0.0,0.0,0.0,0.0,5564,11516,5564,1,0.0,0.0,8485923,0,4,-1
2026-08-18T04:40:05,0.14,0.12,0.0,0.0,0.0,99.74,64297.0,2039.8,57978.1,62257.2,0.0,0.15,0.14,0.06,18968,33472,2520,0,77,763,237,197,1269,24,20,0,1944916,0,64.0,2383001,0,0.0,0.0,0.0,0.0,0.0,0.0,0.0,0.0,0.0,0.0,1.13,1.5,0.0,0.0,0.0,0.0,0.0,0.0,0.39,0.0,0.75,0.0,0.37,0.0,0.0,0.0,0.0,0.0,4.63,0.0,0.0,0.0,176953,enb_ue50_lb.conf,5.23,6.73,11.96,0.14,0.18,855584,1666612,855584,15,99.0,0.0,4098108265,862193,62234,-1
2026-08-18T04:40:07,0.12,0.15,0.0,0.0,0.0,99.73,64297.0,2037.5,57980.4,62259.5,0.0,0.15,0.14,0.06,18925,33444,2496,0,75,762,247,197,1537,0,24,0,1944918,0,64.0,2345798,0,0.0,0.0,0.0,0.0,0.75,0.0,0.0,0.0,0.0,0.0,1.13,1.5,0.0,0.0,0.0,0.0,0.0,0.0,0.39,0.0,0.37,0.0,0.0,0.0,0.0,0.0,0.0,0.0,3.91,0.0,0.0,0.0,176952,enb_ue50_lb.conf,0.0,0.0,0.0,0.0,0.0,5564,11516,5564,1,0.0,0.0,8485923,0,4,-1
2026-08-18T04:40:07,0.12,0.15,0.0,0.0,0.0,99.73,64297.0,2037.5,57980.4,62259.5,0.0,0.15,0.14,0.06,18925,33444,2496,0,75,762,247,197,1537,0,24,0,1944918,0,64.0,2345798,0,0.0,0.0,0.0,0.0,0.75,0.0,0.0,0.0,0.0,0.0,1.13,1.5,0.0,0.0,0.0,0.0,0.0,0.0,0.39,0.0,0.37,0.0,0.0,0.0,0.0,0.0,0.0,0.0,3.91,0.0,0.0,0.0,176953,enb_ue50_lb.conf,4.48,7.85,12.33,0.12,0.21,855584,1666612,855584,15,99.4,0.0,4103883920,862193,62500,-1
2026-08-18T04:40:10,0.13,0.15,0.0,0.0,0.0,99.72,64297.0,2038.2,57979.7,62258.8,0.0,0.13,0.13,0.06,18774,33297,2317,0,75,743,223,203,1847,0,27,0,1944919,0,64.0,1775352,0,0.0,0.0,0.0,0.0,0.0,0.0,0.0,0.0,0.0,0.0,1.87,1.49,0.0,0.0,0.0,0.0,0.0,0.0,0.39,0.0,0.0,0.0,0.74,0.0,0.37,0.0,0.0,0.0,5.36,0.0,0.0,0.0,176952,enb_ue50_lb.conf,0.0,0.0,0.0,0.0,0.0,5564,11516,5564,1,0.0,0.0,8485923,0,4,-1
2026-08-18T04:40:10,0.13,0.15,0.0,0.0,0.0,99.72,64297.0,2038.2,57979.7,62258.8,0.0,0.13,0.13,0.06,18774,33297,2317,0,75,743,223,203,1847,0,27,0,1944919,0,64.0,1775352,0,0.0,0.0,0.0,0.0,0.0,0.0,0.0,0.0,0.0,0.0,1.87,1.49,0.0,0.0,0.0,0.0,0.0,0.0,0.39,0.0,0.0,0.0,0.74,0.0,0.37,0.0,0.0,0.0,5.36,0.0,0.0,0.0,176953,enb_ue50_lb.conf,5.6,6.72,12.32,0.15,0.18,855584,1666612,855584,15,98.9,0.0,4109631910,862193,62765,-1
2026-08-18T04:40:13,0.12,0.18,0.0,0.0,0.0,99.71,64297.0,2038.2,57979.6,62258.8,0.0,0.13,0.13,0.06,18631,33218,2187,0,87,758,179,204,1174,0,17,0,1944920,0,64.0,2334649,0,0.0,0.0,0.0,0.0,0.75,0.0,0.0,0.0,0.0,0.0,1.12,1.13,0.0,0.0,0.37,0.0,0.0,0.0,0.0,0.0,0.75,0.0,0.0,0.0,0.37,0.0,0.0,0.0,5.0,0.0,0.0,0.0,176952,enb_ue50_lb.conf,0.0,0.0,0.0,0.0,0.0,5564,11516,5564,1,0.0,0.0,8485923,0,4,-1
2026-08-18T04:40:13,0.12,0.18,0.0,0.0,0.0,99.71,64297.0,2038.2,57979.6,62258.8,0.0,0.13,0.13,0.06,18631,33218,2187,0,87,758,179,204,1174,0,17,0,1944920,0,64.0,2334649,0,0.0,0.0,0.0,0.0,0.75,0.0,0.0,0.0,0.0,0.0,1.12,1.13,0.0,0.0,0.37,0.0,0.0,0.0,0.0,0.0,0.75,0.0,0.0,0.0,0.37,0.0,0.0,0.0,5.0,0.0,0.0,0.0,176953,enb_ue50_lb.conf,3.73,7.84,11.57,0.1,0.21,855584,1666612,855584,15,98.9,0.0,4115385874,862193,63030,-1
2026-08-18T04:40:15,0.12,0.14,0.0,0.0,0.0,99.74,64297.0,2039.6,57978.2,62257.4,0.0,0.2,0.15,0.06,18797,33418,2367,0,75,756,205,199,1749,0,26,0,1944922,0,65.0,1677149,0,0.0,0.0,0.0,0.0,0.0,0.0,0.0,0.0,0.0,0.0,1.13,1.87,0.0,0.0,0.37,0.0,0.0,0.0,0.0,0.0,0.74,0.0,0.37,0.0,0.0,0.0,0.0,0.0,4.26,0.0,0.0,0.0,176952,enb_ue50_lb.conf,0.0,0.0,0.0,0.0,0.0,5564,11516,5564,1,0.0,0.0,8485923,0,4,-1
2026-08-18T04:40:15,0.12,0.14,0.0,0.0,0.0,99.74,64297.0,2039.6,57978.2,62257.4,0.0,0.2,0.15,0.06,18797,33418,2367,0,75,756,205,199,1749,0,26,0,1944922,0,65.0,1677149,0,0.0,0.0,0.0,0.0,0.0,0.0,0.0,0.0,0.0,0.0,1.13,1.87,0.0,0.0,0.37,0.0,0.0,0.0,0.0,0.0,0.74,0.0,0.37,0.0,0.0,0.0,0.0,0.0,4.26,0.0,0.0,0.0,176953,enb_ue50_lb.conf,5.22,7.09,12.31,0.14,0.19,855584,1666612,855584,15,98.9,0.0,4121159907,862193,63295,-1
