ue_id,data_source,tput_1M,jitter_1M,loss_1M,eff_1M,tput_10M,jitter_10M,loss_10M,eff_10M,tput_20M,jitter_20M,loss_20M,eff_20M,tput_50M,jitter_50M,loss_50M,eff_50M,tput_100M,jitter_100M,loss_100M,eff_100M,tput_200M,jitter_200M,loss_200M,eff_200M,tput_300M,jitter_300M,loss_300M,eff_300M,tput_400M,jitter_400M,loss_400M,eff_400M,tput_500M,jitter_500M,loss_500M,eff_500M,ping_avg_ms,ping_min_ms,ping_max_ms,ping_mdev_ms,ping_load_avg_ms,ping_load_mdev_ms,ran_pucch_snr_db,ran_pucch_cqi,ran_pucch_ta_us,ran_pucch_n_samples,ran_pusch_snr_db,ran_pusch_mcs,ran_pusch_tbs,ran_pusch_nof_re,ran_pusch_ta_us,ran_pusch_rb_len,ran_pusch_n_samples,ran_pdsch_nof_prb,ran_pdsch_nof_re,ran_pdsch_mcs,ran_pdsch_tbs,ran_pdsch_n_samples,ran_prb_util_pct,ran_proc_rss_kB,ran_proc_vmem_kB,ran_proc_cpu_pct,ran_thread_count,ran_sys_mem_pct,ran_sys_load,ran_dl_brate_bps,ran_ul_brate_bps,ue_ip,c_rnti,ue_pid,ue_rss_kB,ue_vsz_kB,srsue_proc_rss_kB,srsue_proc_vsz_kB,srsue_proc_cpu_total_pct,srsue_proc_cpu_user_pct,srsue_proc_cpu_sys_pct,srsue_proc_vol_ctxsw_s,srsue_proc_nonvol_ctxsw_s,srsue_proc_schedrun_ns,srsue_proc_schedwait_ns,srsue_proc_threads,srsue_proc_vmlock_kB,gnb1_node_cpu_user_pct,gnb1_node_cpu_sys_pct,gnb1_node_cpu_softirq_pct,gnb1_node_cpu_idle_pct,gnb1_node_mem_used_MB,gnb1_node_swap_used_MB,gnb1_node_load1,gnb1_node_intr_per_s,gnb1_node_ctxt_per_s,gnb1_node_softirq_NET_RX_per_s,gnb1_node_softirq_NET_TX_per_s,gnb1_node_softirq_SCHED_per_s,gnb1_node_net_rx_bytes_s,gnb1_node_net_tx_bytes_s,gnb1_node_temp_package0_C,gnb1_node_temp_package1_C,gnb1_node_temp_core_max_C,gnb1_node_cpu0_pct,gnb1_node_cpu1_pct,gnb1_node_cpu2_pct,gnb1_node_cpu3_pct,gnb1_node_cpu4_pct,gnb1_node_cpu5_pct,gnb1_node_cpu6_pct,gnb1_node_cpu7_pct,gnb1_node_cpu8_pct,gnb1_node_cpu9_pct,gnb1_node_cpu10_pct,gnb1_node_cpu11_pct,gnb1_node_cpu12_pct,gnb1_node_cpu13_pct,gnb1_node_cpu14_pct,gnb1_node_cpu15_pct,gnb1_node_cpu16_pct,gnb1_node_cpu17_pct,gnb1_node_cpu18_pct,gnb1_node_cpu19_pct,gnb1_node_cpu20_pct,gnb1_node_cpu21_pct,gnb1_node_cpu22_pct,gnb1_node_cpu23_pct,gnb1_node_cpu24_pct,gnb1_node_cpu25_pct,gnb1_node_cpu26_pct,gnb1_node_cpu27_pct,gnb1_node_cpu28_pct,gnb1_node_cpu29_pct,gnb1_node_cpu30_pct,gnb1_node_cpu31_pct,sysmon_cpu_total_pct,sysmon_mem_used_pct,sysmon_load1,sysmon_load5,sysmon_load15,sysmon_rx_bytes_s,sysmon_tx_bytes_s,sysmon_total_srsenb_procs,sysmon_sum_dl_brate_bps,sysmon_sum_ul_brate_bps,sysmon_mean_proc_rss_kB,sysmon_max_proc_rss_kB,core_node_cpu_user_pct,core_node_cpu_sys_pct,core_node_mem_used_MB,core_node_temp_package0_C,core_node_intr_per_s,core_node_ctxt_per_s,core_proc_cpu_total_pct,core_proc_rss_kB,gnb1_pkg0_power_W,gnb1_pkg1_power_W,gnb1_dram0_power_W,gnb1_dram1_power_W,gnb1_cpu0_freq_MHz,gnb1_total_power_W,uehost1_pkg0_power_W,uehost1_pkg1_power_W,uehost1_dram0_power_W,uehost1_dram1_power_W,uehost1_cpu0_freq_MHz,uehost1_total_power_W,uehost1_power_per_ue_W
1,real,1.001,23.576,27.26,0.728,10.0,17.018,92.49,0.751,19.999,21.801,95.54,0.892,49.995,24.661,98.26,0.87,99.991,19.518,99.04,0.96,199.981,21.216,99.44,1.12,299.976,19.273,98.9,3.3,399.982,23.196,99.19,3.24,499.966,20.234,99.01,4.95,787.377,358.801,1146.504,227.699,722.728,217.708,111.8,15.0,0.0,19111.0,109.62,3.99,2371.42,5366.79,0.0,38.97,7858.0,34.26,5103.4,5.55,3061.33,6960.0,77.94,855584.0,1666488.0,21.38,15.0,63.46,15.05,341.27,223601.8,10.45.0.2,0x46,156013.0,979904.0,1719948.0,979904.0,1719948.0,19.384040114613175,8.695214899713466,10.688825214899714,1.030229226361031,0.1621776504297994,569157664.2994269,103582191.93409742,17.0,1719924.0,11.513,17.113,3.608,67.762,40797.089,50.8,13.382,691186.571,1538220.549,53755.836,6913.876,7677.77,1008553.929,1639.064,68.597,60.394,56.304,38.656,22.474,38.371,22.216,37.676,22.143,37.186,22.442,37.573,22.294,35.947,22.33,37.009,22.729,43.35,22.238,45.489,22.669,44.825,22.713,45.647,21.926,45.644,22.194,44.678,22.383,46.68,22.428,44.316,22.737,38.723,22.818,31.957,62.601,14.005,14.014,13.967,1396531.609,784.568,50.0,17063.558,11180089.905,831035.002,855587.381,0.03,0.027,1620.801,61.748,332.154,430.513,0.098,25018.482,23.677,20.354,2.863,3.028,1558.345,44.03,28.036,25.397,1.86,2.953,1629.017,53.43,1.09
2,real,1.001,33.07,52.26,0.478,10.0,26.652,94.13,0.587,19.999,24.806,97.45,0.51,49.995,23.792,98.49,0.755,99.992,24.91,98.06,1.94,199.987,23.824,99.53,0.94,299.975,39.783,99.13,2.61,399.98,36.562,99.56,1.76,499.964,31.361,99.27,3.65,1562.695,738.737,2279.252,404.287,1481.554,562.207,111.8,15.0,0.0,12599.0,109.16,4.0,2639.6,5960.09,0.0,43.15,7512.0,7.73,1155.1,4.06,501.42,1813.0,86.3,855580.0,1666488.0,20.41,15.0,63.46,15.05,341.27,223601.8,10.45.0.3,0x46,156059.0,979936.0,1719948.0,979936.0,1719948.0,19.295845272206304,7.679068767908309,11.616776504297995,1.030229226361031,0.1570200573065902,556495539.4727794,63912326.796561606,17.0,1719924.0,11.513,17.113,3.608,67.762,40797.089,50.8,13.382,691186.571,1538220.549,53755.836,6913.876,7677.77,1008553.929,1639.064,68.597,60.394,56.304,38.656,22.474,38.371,22.216,37.676,22.143,37.186,22.442,37.573,22.294,35.947,22.33,37.009,22.729,43.35,22.238,45.489,22.669,44.825,22.713,45.647,21.926,45.644,22.194,44.678,22.383,46.68,22.428,44.316,22.737,38.723,22.818,31.957,62.601,14.005,14.014,13.967,1396531.609,784.568,50.0,17063.558,11180089.905,831035.002,855587.381,0.03,0.027,1620.801,61.748,332.154,430.513,0.098,25018.482,23.677,20.354,2.863,3.028,1558.345,44.03,28.036,25.397,1.86,2.953,1629.017,53.43,1.09
3,real,1.001,30.211,38.9,0.612,10.0,28.648,92.94,0.706,19.999,28.169,96.3,0.74,49.995,28.128,98.2,0.9,99.992,27.933,98.65,1.35,199.985,30.727,99.51,0.98,299.98,32.488,98.83,3.51,399.965,30.863,99.49,2.04,499.959,33.906,99.69,1.55,1050.805,554.238,1539.587,294.684,1017.361,292.292,111.8,15.0,0.0,14923.0,109.07,4.0,2685.81,6063.07,0.0,43.86,6488.0,3.13,469.06,2.95,47.51,1157.0,87.71,855580.0,1666488.0,21.29,15.0,63.46,15.05,341.27,223601.8,10.45.0.4,0x46,156106.0,979756.0,1719948.0,980084.0,1719948.0,20.13541547277937,8.43349570200573,11.70191977077364,1.0302292263610315,0.154727793696275,661365598.1891117,104872829.0444126,17.0,1719924.0,11.513,17.113,3.608,67.762,40797.089,50.8,13.382,691186.571,1538220.549,53755.836,6913.876,7677.77,1008553.929,1639.064,68.597,60.394,56.304,38.656,22.474,38.371,22.216,37.676,22.143,37.186,22.442,37.573,22.294,35.947,22.33,37.009,22.729,43.35,22.238,45.489,22.669,44.825,22.713,45.647,21.926,45.644,22.194,44.678,22.383,46.68,22.428,44.316,22.737,38.723,22.818,31.957,62.601,14.005,14.014,13.967,1396531.609,784.568,50.0,17063.558,11180089.905,831035.002,855587.381,0.03,0.027,1620.801,61.748,332.154,430.513,0.098,25018.482,23.677,20.354,2.863,3.028,1558.345,44.03,28.036,25.397,1.86,2.953,1629.017,53.43,1.09
4,real,1.001,23.918,32.22,0.678,10.0,26.736,92.95,0.705,19.999,30.249,95.65,0.87,49.995,26.812,98.34,0.83,99.992,23.941,99.07,0.93,199.983,26.677,99.44,1.12,299.983,28.986,99.65,1.05,399.964,26.508,99.68,1.28,499.959,32.178,99.68,1.6,882.986,444.958,1316.053,257.619,819.499,254.096,111.8,15.0,0.0,16894.0,109.03,4.0,2712.68,6122.85,0.0,44.29,3134.0,3.18,476.81,3.04,53.89,386.0,88.59,855580.0,1666488.0,21.11,15.0,63.46,15.05,341.27,223601.8,10.45.0.5,0x46,156150.0,979596.0,1719948.0,979888.0,1719948.0,21.189111747851,8.76349570200573,12.425616045845274,1.030229226361031,0.153295128939828,551814413.0859599,65522557.42550144,17.0,1719924.0,11.513,17.113,3.608,67.762,40797.089,50.8,13.382,691186.571,1538220.549,53755.836,6913.876,7677.77,1008553.929,1639.064,68.597,60.394,56.304,38.656,22.474,38.371,22.216,37.676,22.143,37.186,22.442,37.573,22.294,35.947,22.33,37.009,22.729,43.35,22.238,45.489,22.669,44.825,22.713,45.647,21.926,45.644,22.194,44.678,22.383,46.68,22.428,44.316,22.737,38.723,22.818,31.957,62.601,14.005,14.014,13.967,1396531.609,784.568,50.0,17063.558,11180089.905,831035.002,855587.381,0.03,0.027,1620.801,61.748,332.154,430.513,0.098,25018.482,23.677,20.354,2.863,3.028,1558.345,44.03,28.036,25.397,1.86,2.953,1629.017,53.43,1.09
5,real,1.001,13.996,0.0,1.001,10.0,7.162,86.11,1.389,19.999,12.637,92.95,1.41,49.995,7.502,97.24,1.38,99.993,10.818,98.54,1.46,199.982,8.198,99.25,1.5,299.983,13.225,99.44,1.68,399.971,10.974,99.59,1.64,499.982,9.718,99.6,2.0,345.851,185.957,558.63,102.035,948.007,253.933,111.8,15.0,0.0,41328.0,108.99,4.0,2743.51,6189.32,0.0,44.77,9015.0,3.08,462.34,2.77,37.29,839.0,89.53,855584.0,1666488.0,26.75,15.0,63.46,15.05,341.27,223601.8,10.45.0.6,0x46,156193.0,979600.0,1719948.0,979952.0,1719948.0,28.512736389684814,13.26704871060172,15.245687679083094,1.0303724928366762,0.1785100286532951,722675069.5544412,88102672.10028653,17.0,1719924.0,11.513,17.113,3.608,67.762,40797.089,50.8,13.382,691186.571,1538220.549,53755.836,6913.876,7677.77,1008553.929,1639.064,68.597,60.394,56.304,38.656,22.474,38.371,22.216,37.676,22.143,37.186,22.442,37.573,22.294,35.947,22.33,37.009,22.729,43.35,22.238,45.489,22.669,44.825,22.713,45.647,21.926,45.644,22.194,44.678,22.383,46.68,22.428,44.316,22.737,38.723,22.818,31.957,62.601,14.005,14.014,13.967,1396531.609,784.568,50.0,17063.558,11180089.905,831035.002,855587.381,0.03,0.027,1620.801,61.748,332.154,430.513,0.098,25018.482,23.677,20.354,2.863,3.028,1558.345,44.03,28.036,25.397,1.86,2.953,1629.017,53.43,1.09
6,real,1.001,20.638,18.53,0.816,10.0,16.18,91.84,0.816,19.999,13.995,95.51,0.898,49.996,16.996,98.34,0.83,99.992,15.101,98.51,1.49,199.984,14.025,98.92,2.16,299.982,14.369,99.47,1.59,399.97,13.437,99.01,3.96,499.989,14.355,99.33,3.35,678.909,327.315,1008.917,201.849,682.548,200.005,111.8,15.0,0.0,21682.0,109.02,4.0,2724.29,6148.05,0.0,44.47,4092.0,3.15,472.95,3.04,50.49,451.0,88.93,855576.0,1666488.0,22.57,15.0,63.46,15.05,341.27,223601.8,10.45.0.7,0x46,156246.0,979772.0,1719948.0,980108.0,1719948.0,20.38280802292264,9.25929799426934,11.123510028653294,1.030229226361031,0.1260744985673352,536205085.004298,77936589.47851002,17.0,1719924.0,11.513,17.113,3.608,67.762,40797.089,50.8,13.382,691186.571,1538220.549,53755.836,6913.876,7677.77,1008553.929,1639.064,68.597,60.394,56.304,38.656,22.474,38.371,22.216,37.676,22.143,37.186,22.442,37.573,22.294,35.947,22.33,37.009,22.729,43.35,22.238,45.489,22.669,44.825,22.713,45.647,21.926,45.644,22.194,44.678,22.383,46.68,22.428,44.316,22.737,38.723,22.818,31.957,62.601,14.005,14.014,13.967,1396531.609,784.568,50.0,17063.558,11180089.905,831035.002,855587.381,0.03,0.027,1620.801,61.748,332.154,430.513,0.098,25018.482,23.677,20.354,2.863,3.028,1558.345,44.03,28.036,25.397,1.86,2.953,1629.017,53.43,1.09
7,"imputed_rates:1,10,20,50",1.001,22.713,33.19,0.669,10.0,20.979,92.1,0.79,19.999,22.267,95.63,0.875,49.995,19.686,98.05,0.974,99.991,26.441,99.41,0.59,199.982,35.132,99.62,0.76,299.979,26.043,99.05,2.85,399.98,25.66,99.01,3.96,499.973,30.329,99.45,2.75,1854.51,864.44,2752.513,465.122,1368.818,442.523,111.8,15.0,0.0,11431.0,109.13,4.0,2630.2,5941.48,0.0,43.01,3097.0,3.15,473.06,3.23,58.92,605.0,86.01,855584.0,1666488.0,20.53,15.0,63.46,15.05,341.27,223601.8,10.45.0.8,0x46,156295.0,979660.0,1719948.0,980000.0,1719948.0,18.377936962750717,7.332521489971347,11.045415472779371,1.030229226361031,0.1555873925501432,522902392.45415473,71813448.30945559,17.0,1719924.0,11.513,17.113,3.608,67.762,40797.089,50.8,13.382,691186.571,1538220.549,53755.836,6913.876,7677.77,1008553.929,1639.064,68.597,60.394,56.304,38.656,22.474,38.371,22.216,37.676,22.143,37.186,22.442,37.573,22.294,35.947,22.33,37.009,22.729,43.35,22.238,45.489,22.669,44.825,22.713,45.647,21.926,45.644,22.194,44.678,22.383,46.68,22.428,44.316,22.737,38.723,22.818,31.957,62.601,14.005,14.014,13.967,1396531.609,784.568,50.0,17063.558,11180089.905,831035.002,855587.381,0.03,0.027,1620.801,61.748,332.154,430.513,0.098,25018.482,23.677,20.354,2.863,3.028,1558.345,44.03,28.036,25.397,1.86,2.953,1629.017,53.43,1.09
8,real,1.001,20.941,31.68,0.684,10.0,24.325,92.91,0.709,19.999,23.753,96.06,0.788,49.996,23.192,98.36,0.82,99.994,25.564,99.3,0.7,199.983,17.576,99.5,1.0,299.976,16.911,99.58,1.26,399.977,28.916,99.4,2.4,499.965,30.079,99.56,2.2,920.095,479.924,1609.676,293.589,831.868,252.153,111.8,15.0,0.0,17043.0,109.05,4.0,2708.2,6113.06,0.0,44.22,3331.0,3.16,474.7,3.04,52.48,419.0,88.44,855584.0,1666488.0,21.69,15.0,63.46,15.05,341.27,223601.8,10.45.0.9,0x46,156345.0,979616.0,1719948.0,979940.0,1719948.0,18.996203438395412,8.33147564469914,10.664727793696274,1.029942693409742,0.1200573065902578,705913244.5229226,109804909.79369628,17.0,1719924.0,11.513,17.113,3.608,67.762,40797.089,50.8,13.382,691186.571,1538220.549,53755.836,6913.876,7677.77,1008553.929,1639.064,68.597,60.394,56.304,38.656,22.474,38.371,22.216,37.676,22.143,37.186,22.442,37.573,22.294,35.947,22.33,37.009,22.729,43.35,22.238,45.489,22.669,44.825,22.713,45.647,21.926,45.644,22.194,44.678,22.383,46.68,22.428,44.316,22.737,38.723,22.818,31.957,62.601,14.005,14.014,13.967,1396531.609,784.568,50.0,17063.558,11180089.905,831035.002,855587.381,0.03,0.027,1620.801,61.748,332.154,430.513,0.098,25018.482,23.677,20.354,2.863,3.028,1558.345,44.03,28.036,25.397,1.86,2.953,1629.017,53.43,1.09
9,real,1.001,13.817,0.0,1.001,10.0,10.831,90.0,1.0,19.999,9.714,94.77,1.046,49.995,8.979,97.78,1.11,99.991,12.971,98.51,1.49,199.98,11.092,99.38,1.24,299.996,12.296,99.55,1.35,399.965,12.453,99.45,2.2,499.954,11.991,99.62,1.9,533.787,275.368,826.556,165.155,557.851,133.553,111.8,15.0,0.0,27458.0,109.0,4.0,2744.12,6191.23,0.0,44.77,5954.0,3.13,469.2,2.99,47.34,539.0,89.54,855584.0,1666488.0,24.0,15.0,63.46,15.05,341.27,223601.8,10.45.0.10,0x46,156395.0,979668.0,1719948.0,980012.0,1719948.0,22.56031518624642,10.35816618911175,12.20214899713467,1.0303724928366762,0.1263610315186246,527424390.2464184,76952822.73495702,17.0,1719924.0,11.513,17.113,3.608,67.762,40797.089,50.8,13.382,691186.571,1538220.549,53755.836,6913.876,7677.77,1008553.929,1639.064,68.597,60.394,56.304,38.656,22.474,38.371,22.216,37.676,22.143,37.186,22.442,37.573,22.294,35.947,22.33,37.009,22.729,43.35,22.238,45.489,22.669,44.825,22.713,45.647,21.926,45.644,22.194,44.678,22.383,46.68,22.428,44.316,22.737,38.723,22.818,31.957,62.601,14.005,14.014,13.967,1396531.609,784.568,50.0,17063.558,11180089.905,831035.002,855587.381,0.03,0.027,1620.801,61.748,332.154,430.513,0.098,25018.482,23.677,20.354,2.863,3.028,1558.345,44.03,28.036,25.397,1.86,2.953,1629.017,53.43,1.09
10,imputed_rates:500,1.001,33.916,52.48,0.476,10.0,27.635,94.51,0.549,19.999,26.907,97.56,0.488,49.995,25.899,98.87,0.565,99.99,29.759,98.9,1.1,199.982,27.167,99.09,1.82,299.975,31.15,99.39,1.83,399.961,35.78,99.24,3.04,499.968,12.39,99.34,3.32,1298.899,657.78,1934.164,377.621,1344.4,353.446,111.8,15.0,0.0,11092.0,109.12,4.0,2655.75,5998.03,0.0,43.4,2752.0,3.12,468.34,2.98,49.08,589.0,86.81,855584.0,1666488.0,19.63,15.0,63.46,15.05,341.27,223601.8,10.45.0.11,0x46,156444.0,979664.0,1719972.0,979996.0,1719972.0,17.06445558739255,7.250229226361031,9.81422636103152,1.030229226361031,0.1719197707736389,573448768.4942694,107575078.8008596,17.0,1719948.0,11.513,17.113,3.608,67.762,40797.089,50.8,13.382,691186.571,1538220.549,53755.836,6913.876,7677.77,1008553.929,1639.064,68.597,60.394,56.304,38.656,22.474,38.371,22.216,37.676,22.143,37.186,22.442,37.573,22.294,35.947,22.33,37.009,22.729,43.35,22.238,45.489,22.669,44.825,22.713,45.647,21.926,45.644,22.194,44.678,22.383,46.68,22.428,44.316,22.737,38.723,22.818,31.957,62.601,14.005,14.014,13.967,1396531.609,784.568,50.0,17063.558,11180089.905,831035.002,855587.381,0.03,0.027,1620.801,61.748,332.154,430.513,0.098,25018.482,23.677,20.354,2.863,3.028,1558.345,44.03,28.036,25.397,1.86,2.953,1629.017,53.43,1.09
11,real,1.001,16.917,13.9,0.862,10.0,13.11,91.2,0.88,19.999,12.547,94.97,1.006,49.995,15.527,98.21,0.895,99.991,12.705,98.94,1.06,199.984,11.923,99.38,1.24,299.991,11.746,99.64,1.08,399.992,14.52,99.6,1.6,499.992,12.551,99.77,1.15,633.6,292.671,904.614,178.795,618.904,166.327,111.8,15.0,0.0,22770.0,109.02,4.0,2729.93,6160.51,0.0,44.55,4138.0,3.13,470.02,3.05,50.7,427.0,89.11,855584.0,1666488.0,22.84,15.0,63.46,15.05,341.27,223601.8,10.45.0.12,0x46,156495.0,979776.0,1719972.0,980100.0,1719972.0,22.704154727793696,9.91310888252149,12.791045845272208,1.0300859598853869,0.1406876790830945,524711853.29512894,72698441.2722063,17.0,1719948.0,11.513,17.113,3.608,67.762,40797.089,50.8,13.382,691186.571,1538220.549,53755.836,6913.876,7677.77,1008553.929,1639.064,68.597,60.394,56.304,38.656,22.474,38.371,22.216,37.676,22.143,37.186,22.442,37.573,22.294,35.947,22.33,37.009,22.729,43.35,22.238,45.489,22.669,44.825,22.713,45.647,21.926,45.644,22.194,44.678,22.383,46.68,22.428,44.316,22.737,38.723,22.818,31.957,62.601,14.005,14.014,13.967,1396531.609,784.568,50.0,17063.558,11180089.905,831035.002,855587.381,0.03,0.027,1620.801,61.748,332.154,430.513,0.098,25018.482,23.677,20.354,2.863,3.028,1558.345,44.03,28.036,25.397,1.86,2.953,1629.017,53.43,1.09
12,real,1.001,23.737,32.44,0.676,10.0,22.052,93.18,0.682,19.999,25.744,96.29,0.742,49.995,28.634,97.92,1.04,99.992,23.297,99.02,0.98,199.985,28.35,99.47,1.06,299.977,25.292,99.45,1.65,399.972,15.491,99.73,1.08,499.955,27.87,99.53,2.35,849.738,402.183,1269.639,247.747,867.99,247.768,111.8,15.0,0.0,16846.0,109.03,4.0,2711.93,6121.22,0.0,44.28,3137.0,3.18,476.88,3.03,53.58,385.0,88.56,855580.0,1666488.0,21.96,15.0,63.46,15.05,341.27,223601.8,10.45.0.13,0x46,156550.0,979772.0,1719972.0,980152.0,1719972.0,19.63723495702006,8.502893982808024,11.134340974212035,1.0303724928366762,0.1409742120343839,644494562.2020057,102564259.51432665,17.0,1719948.0,11.513,17.113,3.608,67.762,40797.089,50.8,13.382,691186.571,1538220.549,53755.836,6913.876,7677.77,1008553.929,1639.064,68.597,60.394,56.304,38.656,22.474,38.371,22.216,37.676,22.143,37.186,22.442,37.573,22.294,35.947,22.33,37.009,22.729,43.35,22.238,45.489,22.669,44.825,22.713,45.647,21.926,45.644,22.194,44.678,22.383,46.68,22.428,44.316,22.737,38.723,22.818,31.957,62.601,14.005,14.014,13.967,1396531.609,784.568,50.0,17063.558,11180089.905,831035.002,855587.381,0.03,0.027,1620.801,61.748,332.154,430.513,0.098,25018.482,23.677,20.354,2.863,3.028,1558.345,44.03,28.036,25.397,1.86,2.953,1629.017,53.43,1.09
13,real,1.001,11.773,0.0,1.001,10.0,6.418,76.61,2.339,19.999,3.969,88.23,2.354,49.995,4.096,95.27,2.365,99.992,3.897,97.62,2.38,199.984,4.978,98.8,2.4,299.983,3.666,99.18,2.46,399.959,3.909,99.38,2.48,499.963,4.042,99.5,2.5,210.798,96.034,351.586,76.249,948.007,253.933,111.8,15.0,0.0,69832.0,108.99,4.0,2739.33,6179.33,0.0,44.7,14249.0,3.06,458.29,2.58,29.7,1086.0,89.41,855580.0,1666488.0,34.01,15.0,63.46,15.05,341.27,223601.8,10.45.0.14,0x46,156599.0,979648.0,1719972.0,979904.0,1719972.0,35.950300859598855,17.964140401146132,17.986160458452723,1.0303724928366762,0.1845272206303725,551122614.5673352,82954949.9670487,17.0,1719948.0,11.513,17.113,3.608,67.762,40797.089,50.8,13.382,691186.571,1538220.549,53755.836,6913.876,7677.77,1008553.929,1639.064,68.597,60.394,56.304,38.656,22.474,38.371,22.216,37.676,22.143,37.186,22.442,37.573,22.294,35.947,22.33,37.009,22.729,43.35,22.238,45.489,22.669,44.825,22.713,45.647,21.926,45.644,22.194,44.678,22.383,46.68,22.428,44.316,22.737,38.723,22.818,31.957,62.601,14.005,14.014,13.967,1396531.609,784.568,50.0,17063.558,11180089.905,831035.002,855587.381,0.03,0.027,1620.801,61.748,332.154,430.513,0.098,25018.482,23.677,20.354,2.863,3.028,1558.345,44.03,28.036,25.397,1.86,2.953,1629.017,53.43,1.09
14,real,1.001,32.387,52.26,0.478,10.0,29.907,95.09,0.491,19.999,31.57,97.18,0.564,49.995,27.065,98.43,0.785,99.992,26.518,99.49,0.51,199.985,37.227,99.45,1.1,299.979,25.315,98.48,4.56,399.965,29.842,98.68,5.28,499.991,31.302,99.32,3.4,1496.149,652.119,2706.764,555.798,1390.985,530.765,111.8,15.0,0.0,10852.0,109.12,4.0,2656.72,5998.22,0.0,43.42,5470.0,3.17,475.1,3.09,54.0,1022.0,86.84,855580.0,1666488.0,19.63,15.0,63.46,15.05,341.27,223601.8,10.45.0.15,0x46,156655.0,979544.0,1719972.0,979928.0,1719972.0,19.224054441260744,7.607765042979943,11.616289398280802,1.0303724928366762,0.1392550143266475,535656928.5472779,87843130.64469914,17.0,1719948.0,11.513,17.113,3.608,67.762,40797.089,50.8,13.382,691186.571,1538220.549,53755.836,6913.876,7677.77,1008553.929,1639.064,68.597,60.394,56.304,38.656,22.474,38.371,22.216,37.676,22.143,37.186,22.442,37.573,22.294,35.947,22.33,37.009,22.729,43.35,22.238,45.489,22.669,44.825,22.713,45.647,21.926,45.644,22.194,44.678,22.383,46.68,22.428,44.316,22.737,38.723,22.818,31.957,62.601,14.005,14.014,13.967,1396531.609,784.568,50.0,17063.558,11180089.905,831035.002,855587.381,0.03,0.027,1620.801,61.748,332.154,430.513,0.098,25018.482,23.677,20.354,2.863,3.028,1558.345,44.03,28.036,25.397,1.86,2.953,1629.017,53.43,1.09
15,real,1.001,32.904,39.01,0.611,10.0,31.856,93.14,0.686,19.999,34.126,96.64,0.672,49.996,29.939,98.3,0.85,99.991,25.646,99.07,0.93,199.984,27.145,99.68,0.64,299.983,17.717,99.07,2.79,399.973,20.52,98.43,6.28,499.99,18.679,99.6,2.0,998.891,507.112,1614.508,292.643,1009.218,271.876,111.8,15.0,0.0,15302.0,109.09,4.0,2682.2,6054.87,0.0,43.8,6684.0,3.14,471.51,3.02,50.22,1088.0,87.61,855584.0,1666488.0,21.28,15.0,63.46,15.05,341.27,223601.8,10.45.0.16,0x46,156711.0,979692.0,1719972.0,980016.0,1719972.0,20.501189111747852,8.468753581661892,12.03243553008596,1.030229226361031,0.1458452722063037,532065446.2879656,84896697.20487106,17.0,1719948.0,11.513,17.113,3.608,67.762,40797.089,50.8,13.382,691186.571,1538220.549,53755.836,6913.876,7677.77,1008553.929,1639.064,68.597,60.394,56.304,38.656,22.474,38.371,22.216,37.676,22.143,37.186,22.442,37.573,22.294,35.947,22.33,37.009,22.729,43.35,22.238,45.489,22.669,44.825,22.713,45.647,21.926,45.644,22.194,44.678,22.383,46.68,22.428,44.316,22.737,38.723,22.818,31.957,62.601,14.005,14.014,13.967,1396531.609,784.568,50.0,17063.558,11180089.905,831035.002,855587.381,0.03,0.027,1620.801,61.748,332.154,430.513,0.098,25018.482,23.677,20.354,2.863,3.028,1558.345,44.03,28.036,25.397,1.86,2.953,1629.017,53.43,1.09
16,real,1.001,10.313,0.0,1.001,10.0,5.066,79.21,2.079,19.999,4.143,89.48,2.104,49.995,5.612,95.65,2.175,99.991,5.008,97.85,2.15,199.986,5.934,98.91,2.18,299.979,5.948,99.18,2.46,399.971,5.597,99.33,2.68,499.963,5.693,99.5,2.5,294.809,125.53,514.134,103.406,1586.931,0.0,111.8,15.0,0.0,48115.0,108.98,4.0,2764.61,6235.53,0.0,45.09,12769.0,3.06,458.93,2.61,31.04,1058.0,90.17,855584.0,1666488.0,29.35,15.0,63.46,15.05,341.27,223601.8,10.45.0.17,0x46,156765.0,979816.0,1719972.0,980104.0,1719972.0,28.485687679083096,14.117664756446992,14.368022922636104,1.0303724928366762,0.1636103151862464,563566119.1260746,121271905.8338109,17.0,1719948.0,11.513,17.113,3.608,67.762,40797.089,50.8,13.382,691186.571,1538220.549,53755.836,6913.876,7677.77,1008553.929,1639.064,68.597,60.394,56.304,38.656,22.474,38.371,22.216,37.676,22.143,37.186,22.442,37.573,22.294,35.947,22.33,37.009,22.729,43.35,22.238,45.489,22.669,44.825,22.713,45.647,21.926,45.644,22.194,44.678,22.383,46.68,22.428,44.316,22.737,38.723,22.818,31.957,62.601,14.005,14.014,13.967,1396531.609,784.568,50.0,17063.558,11180089.905,831035.002,855587.381,0.03,0.027,1620.801,61.748,332.154,430.513,0.098,25018.482,23.677,20.354,2.863,3.028,1558.345,44.03,28.036,25.397,1.86,2.953,1629.017,53.43,1.09
17,real,1.001,29.689,44.07,0.56,10.0,25.538,94.01,0.599,19.999,23.955,96.83,0.634,49.996,21.364,98.52,0.74,99.992,24.995,99.05,0.95,199.984,18.953,99.35,1.3,299.978,23.339,99.34,1.98,399.978,24.001,99.24,3.04,499.969,28.573,99.66,1.7,1134.97,622.074,1665.034,274.548,1070.417,233.537,111.8,15.0,0.0,11313.0,109.1,4.0,2663.02,6012.31,0.0,43.51,8026.0,3.17,474.86,3.2,57.74,1213.0,87.02,855584.0,1666488.0,20.51,15.0,63.46,15.05,341.27,223601.8,10.45.0.18,0x46,156813.0,979524.0,1719972.0,979872.0,1719972.0,17.361647564469916,7.276375358166189,10.085272206303726,1.0303724928366762,0.1719197707736389,559689808.9899714,121961287.95845272,17.0,1719948.0,11.513,17.113,3.608,67.762,40797.089,50.8,13.382,691186.571,1538220.549,53755.836,6913.876,7677.77,1008553.929,1639.064,68.597,60.394,56.304,38.656,22.474,38.371,22.216,37.676,22.143,37.186,22.442,37.573,22.294,35.947,22.33,37.009,22.729,43.35,22.238,45.489,22.669,44.825,22.713,45.647,21.926,45.644,22.194,44.678,22.383,46.68,22.428,44.316,22.737,38.723,22.818,31.957,62.601,14.005,14.014,13.967,1396531.609,784.568,50.0,17063.558,11180089.905,831035.002,855587.381,0.03,0.027,1620.801,61.748,332.154,430.513,0.098,25018.482,23.677,20.354,2.863,3.028,1558.345,44.03,28.036,25.397,1.86,2.953,1629.017,53.43,1.09
18,real,1.001,24.634,32.87,0.672,10.0,28.652,93.03,0.697,19.999,28.944,96.18,0.764,49.995,26.192,98.38,0.81,99.99,19.67,99.07,0.93,199.982,28.397,99.56,0.88,299.977,28.237,99.42,1.74,399.961,28.296,99.8,0.8,499.969,27.963,99.82,0.9,852.899,454.224,1440.428,270.323,948.007,253.933,111.8,15.0,0.0,16330.0,109.05,4.0,2708.1,6112.76,0.0,44.22,3124.0,3.16,473.26,3.05,53.55,387.0,88.44,855584.0,1666488.0,20.9,15.0,63.46,15.05,341.27,223601.8,10.45.0.19,0x46,156861.0,979668.0,1719972.0,979988.0,1719972.0,19.94967048710602,8.55637535816619,11.393295128939828,1.029942693409742,0.1558739255014326,624129123.3610315,132392438.41260745,17.0,1719948.0,11.513,17.113,3.608,67.762,40797.089,50.8,13.382,691186.571,1538220.549,53755.836,6913.876,7677.77,1008553.929,1639.064,68.597,60.394,56.304,38.656,22.474,38.371,22.216,37.676,22.143,37.186,22.442,37.573,22.294,35.947,22.33,37.009,22.729,43.35,22.238,45.489,22.669,44.825,22.713,45.647,21.926,45.644,22.194,44.678,22.383,46.68,22.428,44.316,22.737,38.723,22.818,31.957,62.601,14.005,14.014,13.967,1396531.609,784.568,50.0,17063.558,11180089.905,831035.002,855587.381,0.03,0.027,1620.801,61.748,332.154,430.513,0.098,25018.482,23.677,20.354,2.863,3.028,1558.345,44.03,28.036,25.397,1.86,2.953,1629.017,53.43,1.09
19,real,1.001,32.306,50.86,0.492,10.0,31.999,94.88,0.512,19.999,25.8,96.96,0.608,49.996,26.67,97.31,1.345,99.991,26.275,98.3,1.7,199.985,23.385,99.33,1.34,299.971,26.828,98.68,3.96,399.979,25.629,99.09,3.64,499.963,37.099,99.51,2.45,1394.776,740.243,1964.048,375.024,1535.295,512.328,111.8,15.0,0.0,13066.0,109.12,4.0,2638.28,5957.76,0.0,43.12,7548.0,3.14,471.0,3.14,54.05,1500.0,86.24,855580.0,1666488.0,19.54,15.0,63.46,15.05,341.27,223601.8,10.45.0.20,0x46,156927.0,979740.0,1719972.0,980136.0,1719972.0,17.105458452722065,7.268968481375357,9.836489971346705,1.0300859598853869,0.1822349570200573,544161308.0816619,121416702.70630372,17.0,1719948.0,11.513,17.113,3.608,67.762,40797.089,50.8,13.382,691186.571,1538220.549,53755.836,6913.876,7677.77,1008553.929,1639.064,68.597,60.394,56.304,38.656,22.474,38.371,22.216,37.676,22.143,37.186,22.442,37.573,22.294,35.947,22.33,37.009,22.729,43.35,22.238,45.489,22.669,44.825,22.713,45.647,21.926,45.644,22.194,44.678,22.383,46.68,22.428,44.316,22.737,38.723,22.818,31.957,62.601,14.005,14.014,13.967,1396531.609,784.568,50.0,17063.558,11180089.905,831035.002,855587.381,0.03,0.027,1620.801,61.748,332.154,430.513,0.098,25018.482,23.677,20.354,2.863,3.028,1558.345,44.03,28.036,25.397,1.86,2.953,1629.017,53.43,1.09
20,real,1.001,27.672,52.69,0.474,10.0,35.709,94.79,0.521,19.999,23.838,97.45,0.51,49.995,28.084,98.53,0.735,99.993,29.123,99.37,0.63,199.985,25.246,99.64,0.72,299.974,30.563,99.44,1.68,399.986,38.575,98.73,5.08,499.965,32.027,99.48,2.6,1409.472,752.138,1975.485,361.191,1501.298,525.612,111.8,15.0,0.0,12043.0,109.12,4.0,2642.03,5966.0,0.0,43.18,7657.0,3.15,472.47,3.19,56.48,1442.0,86.37,855584.0,1666488.0,20.22,15.0,63.46,15.05,341.27,223601.8,10.45.0.21,0x46,156988.0,979756.0,1719972.0,980148.0,1719972.0,18.69488538681949,7.488524355300861,11.206361031518624,1.030229226361031,0.1593123209169054,533087197.6647564,115019041.28223497,17.0,1719948.0,11.513,17.113,3.608,67.762,40797.089,50.8,13.382,691186.571,1538220.549,53755.836,6913.876,7677.77,1008553.929,1639.064,68.597,60.394,56.304,38.656,22.474,38.371,22.216,37.676,22.143,37.186,22.442,37.573,22.294,35.947,22.33,37.009,22.729,43.35,22.238,45.489,22.669,44.825,22.713,45.647,21.926,45.644,22.194,44.678,22.383,46.68,22.428,44.316,22.737,38.723,22.818,31.957,62.601,14.005,14.014,13.967,1396531.609,784.568,50.0,17063.558,11180089.905,831035.002,855587.381,0.03,0.027,1620.801,61.748,332.154,430.513,0.098,25018.482,23.677,20.354,2.863,3.028,1558.345,44.03,28.036,25.397,1.86,2.953,1629.017,53.43,1.09
21,real,1.001,21.654,37.07,0.63,10.0,23.108,92.83,0.717,19.999,23.519,96.79,0.642,49.995,26.536,98.45,0.775,99.991,20.811,99.22,0.78,199.981,16.06,99.31,1.38,299.976,26.264,99.64,1.08,399.963,17.935,99.58,1.68,499.951,17.819,99.17,4.15,965.829,541.847,1394.436,290.183,1003.142,334.948,111.8,15.0,0.0,15586.0,109.04,4.0,2708.07,6113.15,0.0,44.21,2922.0,3.18,476.95,3.22,60.67,334.0,88.43,855584.0,1666488.0,21.19,15.0,63.46,15.05,341.27,223601.8,10.45.0.22,0x46,157049.0,979768.0,1719972.0,980096.0,1719972.0,18.39595988538682,8.003180515759313,10.392779369627506,1.030229226361031,0.135243553008596,503151087.5530086,77694905.20057307,17.0,1719948.0,11.513,17.113,3.608,67.762,40797.089,50.8,13.382,691186.571,1538220.549,53755.836,6913.876,7677.77,1008553.929,1639.064,68.597,60.394,56.304,38.656,22.474,38.371,22.216,37.676,22.143,37.186,22.442,37.573,22.294,35.947,22.33,37.009,22.729,43.35,22.238,45.489,22.669,44.825,22.713,45.647,21.926,45.644,22.194,44.678,22.383,46.68,22.428,44.316,22.737,38.723,22.818,31.957,62.601,14.005,14.014,13.967,1396531.609,784.568,50.0,17063.558,11180089.905,831035.002,855587.381,0.03,0.027,1620.801,61.748,332.154,430.513,0.098,25018.482,23.677,20.354,2.863,3.028,1558.345,44.03,28.036,25.397,1.86,2.953,1629.017,53.43,1.09
22,real,1.001,22.715,37.39,0.627,10.0,24.343,93.32,0.668,19.999,22.814,96.24,0.752,49.995,23.469,98.15,0.925,99.991,21.94,99.0,1.0,199.98,24.38,98.78,2.44,299.991,22.267,98.79,3.63,399.974,24.047,99.55,1.8,499.991,21.218,99.23,3.85,992.058,551.268,1411.406,291.491,943.105,276.477,111.8,15.0,0.0,18191.0,109.08,4.0,2673.64,6035.95,0.0,43.67,9437.0,3.11,466.44,2.96,46.28,1724.0,87.34,855584.0,1666488.0,20.49,15.0,63.46,15.05,341.27,223601.8,10.45.0.23,0x46,157115.0,979804.0,1719972.0,980132.0,1719972.0,20.4997994269341,8.435601719197706,12.064197707736389,1.0303724928366762,0.1673352435530086,558065986.6704872,83300954.51289399,17.0,1719948.0,11.513,17.113,3.608,67.762,40797.089,50.8,13.382,691186.571,1538220.549,53755.836,6913.876,7677.77,1008553.929,1639.064,68.597,60.394,56.304,38.656,22.474,38.371,22.216,37.676,22.143,37.186,22.442,37.573,22.294,35.947,22.33,37.009,22.729,43.35,22.238,45.489,22.669,44.825,22.713,45.647,21.926,45.644,22.194,44.678,22.383,46.68,22.428,44.316,22.737,38.723,22.818,31.957,62.601,14.005,14.014,13.967,1396531.609,784.568,50.0,17063.558,11180089.905,831035.002,855587.381,0.03,0.027,1620.801,61.748,332.154,430.513,0.098,25018.482,23.677,20.354,2.863,3.028,1558.345,44.03,28.036,25.397,1.86,2.953,1629.017,53.43,1.09
23,"imputed_rates:1,10,20,50",1.001,19.782,30.36,0.697,10.0,16.28,95.2,0.48,19.999,19.489,94.74,1.051,49.995,21.943,97.8,1.098,99.991,34.017,99.32,0.68,199.982,34.812,99.33,1.34,299.974,47.286,99.66,1.02,399.971,25.488,99.67,1.32,499.982,18.853,99.74,1.3,2204.651,1372.578,2854.745,378.191,1199.625,349.258,111.8,15.0,0.0,11110.0,109.14,4.0,2623.86,5927.5,0.0,42.91,3162.0,3.16,473.85,3.41,66.17,566.0,85.81,855584.0,1666488.0,20.58,15.0,63.46,15.05,341.27,223601.8,10.45.0.24,0x46,157169.0,979508.0,1719972.0,979848.0,1719972.0,17.872593123209167,7.523080229226362,10.349512893982808,1.030229226361031,0.1157593123209169,524526819.3553008,81498587.28510028,17.0,1719948.0,11.513,17.113,3.608,67.762,40797.089,50.8,13.382,691186.571,1538220.549,53755.836,6913.876,7677.77,1008553.929,1639.064,68.597,60.394,56.304,38.656,22.474,38.371,22.216,37.676,22.143,37.186,22.442,37.573,22.294,35.947,22.33,37.009,22.729,43.35,22.238,45.489,22.669,44.825,22.713,45.647,21.926,45.644,22.194,44.678,22.383,46.68,22.428,44.316,22.737,38.723,22.818,31.957,62.601,14.005,14.014,13.967,1396531.609,784.568,50.0,17063.558,11180089.905,831035.002,855587.381,0.03,0.027,1620.801,61.748,332.154,430.513,0.098,25018.482,23.677,20.354,2.863,3.028,1558.345,44.03,28.036,25.397,1.86,2.953,1629.017,53.43,1.09
24,real,1.001,25.078,37.93,0.621,10.0,25.544,93.77,0.623,19.999,18.621,95.51,0.898,49.995,28.455,97.48,1.26,99.992,24.531,98.48,1.52,199.984,22.083,98.77,2.46,299.977,23.319,99.04,2.88,399.971,28.275,99.78,0.88,499.966,23.404,99.18,4.1,987.285,497.552,1638.708,301.402,1052.136,282.527,111.8,15.0,0.0,14844.0,109.08,4.0,2676.26,6041.8,0.0,43.71,7572.0,3.12,468.42,3.02,49.28,1295.0,87.42,855584.0,1666488.0,22.54,15.0,63.46,15.05,341.27,223601.8,10.45.0.25,0x46,157255.0,979604.0,1719972.0,979928.0,1719972.0,20.61680515759312,8.472951289398281,12.143853868194842,1.0303724928366762,0.1767908309455587,543488408.5415473,84810545.60888252,17.0,1719948.0,11.513,17.113,3.608,67.762,40797.089,50.8,13.382,691186.571,1538220.549,53755.836,6913.876,7677.77,1008553.929,1639.064,68.597,60.394,56.304,38.656,22.474,38.371,22.216,37.676,22.143,37.186,22.442,37.573,22.294,35.947,22.33,37.009,22.729,43.35,22.238,45.489,22.669,44.825,22.713,45.647,21.926,45.644,22.194,44.678,22.383,46.68,22.428,44.316,22.737,38.723,22.818,31.957,62.601,14.005,14.014,13.967,1396531.609,784.568,50.0,17063.558,11180089.905,831035.002,855587.381,0.03,0.027,1620.801,61.748,332.154,430.513,0.098,25018.482,23.677,20.354,2.863,3.028,1558.345,44.03,28.036,25.397,1.86,2.953,1629.017,53.43,1.09
25,real,1.001,26.676,37.82,0.622,10.0,21.773,92.56,0.744,19.999,22.37,96.23,0.754,49.996,21.507,98.47,0.765,99.991,20.928,99.19,0.81,199.986,20.563,99.67,0.66,299.98,31.947,98.47,4.59,399.972,24.919,99.65,1.4,499.954,26.283,99.57,2.15,1001.506,581.524,1422.147,290.033,1046.617,285.638,111.8,15.0,0.0,14663.0,109.06,4.0,2689.66,6071.5,0.0,43.92,6557.0,3.12,467.65,2.87,43.95,1249.0,87.84,855584.0,1666488.0,20.41,15.0,63.46,15.05,341.27,223601.8,10.45.0.26,0x46,157310.0,979632.0,1719972.0,980032.0,1719972.0,18.44249283667622,8.071633237822349,10.370859598853867,1.0303724928366762,0.1246418338108882,525774812.969914,86517971.90544413,17.0,1719948.0,11.513,17.113,3.608,67.762,40797.089,50.8,13.382,691186.571,1538220.549,53755.836,6913.876,7677.77,1008553.929,1639.064,68.597,60.394,56.304,38.656,22.474,38.371,22.216,37.676,22.143,37.186,22.442,37.573,22.294,35.947,22.33,37.009,22.729,43.35,22.238,45.489,22.669,44.825,22.713,45.647,21.926,45.644,22.194,44.678,22.383,46.68,22.428,44.316,22.737,38.723,22.818,31.957,62.601,14.005,14.014,13.967,1396531.609,784.568,50.0,17063.558,11180089.905,831035.002,855587.381,0.03,0.027,1620.801,61.748,332.154,430.513,0.098,25018.482,23.677,20.354,2.863,3.028,1558.345,44.03,28.036,25.397,1.86,2.953,1629.017,53.43,1.09
26,real,1.001,26.051,23.81,0.763,10.0,15.5,92.13,0.787,19.999,14.798,96.08,0.784,49.995,13.983,98.43,0.785,99.992,14.991,98.65,1.35,199.982,13.592,99.13,1.74,299.976,14.93,99.62,1.14,399.97,15.294,99.49,2.04,499.964,21.106,99.14,4.3,703.204,383.457,1060.431,207.547,670.039,212.065,111.8,15.0,0.0,19435.0,109.03,4.0,2718.98,6136.43,0.0,44.39,3853.0,3.15,472.09,2.96,47.74,489.0,88.77,855584.0,1666488.0,21.67,15.0,63.46,15.05,341.27,223601.8,10.45.0.27,0x46,157388.0,979620.0,1719972.0,979944.0,1719972.0,20.295300859598857,9.050501432664756,11.244799426934096,1.0303724928366762,0.1693409742120343,559061426.5401146,128720572.487106,17.0,1719948.0,11.513,17.113,3.608,67.762,40797.089,50.8,13.382,691186.571,1538220.549,53755.836,6913.876,7677.77,1008553.929,1639.064,68.597,60.394,56.304,38.656,22.474,38.371,22.216,37.676,22.143,37.186,22.442,37.573,22.294,35.947,22.33,37.009,22.729,43.35,22.238,45.489,22.669,44.825,22.713,45.647,21.926,45.644,22.194,44.678,22.383,46.68,22.428,44.316,22.737,38.723,22.818,31.957,62.601,14.005,14.014,13.967,1396531.609,784.568,50.0,17063.558,11180089.905,831035.002,855587.381,0.03,0.027,1620.801,61.748,332.154,430.513,0.098,25018.482,23.677,20.354,2.863,3.028,1558.345,44.03,28.036,25.397,1.86,2.953,1629.017,53.43,1.09
27,real,1.001,20.977,23.71,0.764,10.0,13.644,92.29,0.771,19.999,12.303,95.85,0.83,49.995,15.193,98.41,0.795,99.992,13.679,98.89,1.11,199.984,12.661,99.57,0.86,299.986,14.09,99.44,1.68,399.968,13.767,99.69,1.24,499.982,15.201,99.47,2.65,737.608,377.442,1415.685,275.12,710.471,205.378,111.8,15.0,0.0,19697.0,109.04,4.0,2718.85,6136.23,0.0,44.38,3514.0,3.12,468.49,2.81,41.24,511.0,88.77,855580.0,1666488.0,22.35,15.0,63.46,15.05,341.27,223601.8,10.45.0.28,0x46,157461.0,979684.0,1719972.0,980008.0,1719972.0,21.762349570200573,9.2654441260745,12.496905444126076,1.0303724928366762,0.1644699140401146,601001073.8438395,117308254.72063038,17.0,1719948.0,11.513,17.113,3.608,67.762,40797.089,50.8,13.382,691186.571,1538220.549,53755.836,6913.876,7677.77,1008553.929,1639.064,68.597,60.394,56.304,38.656,22.474,38.371,22.216,37.676,22.143,37.186,22.442,37.573,22.294,35.947,22.33,37.009,22.729,43.35,22.238,45.489,22.669,44.825,22.713,45.647,21.926,45.644,22.194,44.678,22.383,46.68,22.428,44.316,22.737,38.723,22.818,31.957,62.601,14.005,14.014,13.967,1396531.609,784.568,50.0,17063.558,11180089.905,831035.002,855587.381,0.03,0.027,1620.801,61.748,332.154,430.513,0.098,25018.482,23.677,20.354,2.863,3.028,1558.345,44.03,28.036,25.397,1.86,2.953,1629.017,53.43,1.09
28,real,1.001,32.386,53.02,0.47,10.0,26.173,94.76,0.524,19.999,35.608,97.25,0.55,49.995,26.408,97.77,1.115,99.991,30.516,97.22,2.78,199.983,28.228,99.45,1.1,299.979,30.287,99.71,0.87,399.99,33.619,98.59,5.64,499.966,37.399,98.7,6.5,1614.485,824.676,2385.287,412.481,1486.077,537.553,111.8,15.0,0.0,10403.0,109.13,4.0,2651.78,5987.58,0.0,43.34,5370.0,3.18,476.56,3.27,61.2,915.0,86.69,855584.0,1666488.0,19.54,15.0,63.46,15.05,341.27,223601.8,10.45.0.29,0x46,157527.0,979548.0,1719972.0,979936.0,1719972.0,17.092063037249282,7.175472779369627,9.916590257879657,1.0303724928366762,0.1283667621776504,516241481.5859599,81828037.76217765,17.0,1719948.0,11.513,17.113,3.608,67.762,40797.089,50.8,13.382,691186.571,1538220.549,53755.836,6913.876,7677.77,1008553.929,1639.064,68.597,60.394,56.304,38.656,22.474,38.371,22.216,37.676,22.143,37.186,22.442,37.573,22.294,35.947,22.33,37.009,22.729,43.35,22.238,45.489,22.669,44.825,22.713,45.647,21.926,45.644,22.194,44.678,22.383,46.68,22.428,44.316,22.737,38.723,22.818,31.957,62.601,14.005,14.014,13.967,1396531.609,784.568,50.0,17063.558,11180089.905,831035.002,855587.381,0.03,0.027,1620.801,61.748,332.154,430.513,0.098,25018.482,23.677,20.354,2.863,3.028,1558.345,44.03,28.036,25.397,1.86,2.953,1629.017,53.43,1.09
29,real,1.001,28.308,38.47,0.616,10.0,22.637,93.36,0.664,19.999,26.781,96.41,0.718,49.995,25.649,98.32,0.84,99.992,23.747,98.99,1.01,199.99,24.434,99.59,0.82,299.974,25.53,98.92,3.24,399.974,29.034,99.71,1.16,499.991,25.315,98.91,5.45,964.377,522.538,1405.399,289.878,1058.27,266.445,111.8,15.0,0.0,14591.0,109.08,4.0,2682.75,6056.11,0.0,43.81,6535.0,3.13,469.57,2.94,47.31,1150.0,87.63,855584.0,1666488.0,20.89,15.0,63.46,15.05,341.27,223601.8,10.45.0.30,0x46,157618.0,979788.0,1719972.0,980128.0,1719972.0,19.386332378223496,8.231776504297994,11.1545558739255,1.0303724928366762,0.1510028653295129,577816187.286533,128521972.19340974,17.0,1719948.0,11.513,17.113,3.608,67.762,40797.089,50.8,13.382,691186.571,1538220.549,53755.836,6913.876,7677.77,1008553.929,1639.064,68.597,60.394,56.304,38.656,22.474,38.371,22.216,37.676,22.143,37.186,22.442,37.573,22.294,35.947,22.33,37.009,22.729,43.35,22.238,45.489,22.669,44.825,22.713,45.647,21.926,45.644,22.194,44.678,22.383,46.68,22.428,44.316,22.737,38.723,22.818,31.957,62.601,14.005,14.014,13.967,1396531.609,784.568,50.0,17063.558,11180089.905,831035.002,855587.381,0.03,0.027,1620.801,61.748,332.154,430.513,0.098,25018.482,23.677,20.354,2.863,3.028,1558.345,44.03,28.036,25.397,1.86,2.953,1629.017,53.43,1.09
30,real,1.001,12.552,0.0,1.001,10.0,10.32,89.58,1.042,19.999,9.527,94.61,1.078,49.995,10.42,97.83,1.085,99.992,12.583,98.84,1.16,199.983,11.756,98.99,2.02,299.976,12.719,99.57,1.29,399.965,11.99,99.68,1.28,499.949,12.552,99.64,1.8,520.103,244.022,853.775,174.152,523.609,156.008,111.8,15.0,0.0,26031.0,109.01,4.0,2734.91,6170.9,0.0,44.63,5467.0,3.44,515.39,3.69,90.92,686.0,89.26,855584.0,1666488.0,24.29,15.0,63.46,15.05,341.27,223601.8,10.45.0.31,0x46,157696.0,979580.0,1719972.0,979920.0,1719972.0,21.939183381088824,10.191160458452725,11.7480229226361,1.0303724928366762,0.1845272206303724,739534512.2177651,164115629.27363896,17.0,1719948.0,11.513,17.113,3.608,67.762,40797.089,50.8,13.382,691186.571,1538220.549,53755.836,6913.876,7677.77,1008553.929,1639.064,68.597,60.394,56.304,38.656,22.474,38.371,22.216,37.676,22.143,37.186,22.442,37.573,22.294,35.947,22.33,37.009,22.729,43.35,22.238,45.489,22.669,44.825,22.713,45.647,21.926,45.644,22.194,44.678,22.383,46.68,22.428,44.316,22.737,38.723,22.818,31.957,62.601,14.005,14.014,13.967,1396531.609,784.568,50.0,17063.558,11180089.905,831035.002,855587.381,0.03,0.027,1620.801,61.748,332.154,430.513,0.098,25018.482,23.677,20.354,2.863,3.028,1558.345,44.03,28.036,25.397,1.86,2.953,1629.017,53.43,1.09
31,imputed_rates:1,1.001,21.163,25.21,0.749,10.0,32.564,94.06,0.594,19.999,27.985,96.9,0.62,49.996,29.846,97.05,1.475,99.991,26.522,98.31,1.69,199.985,30.311,97.79,4.42,299.971,35.596,98.28,5.16,399.974,34.565,98.56,5.76,499.966,31.887,99.7,1.5,1736.63,897.488,2844.977,578.959,1326.664,435.102,111.8,15.0,0.0,10553.0,109.09,4.0,2669.97,6029.71,0.0,43.63,2189.0,3.16,474.24,3.08,54.68,427.0,87.25,855584.0,1666488.0,20.12,15.0,63.46,15.05,341.27,223601.8,10.45.0.32,0x46,157768.0,979540.0,1719972.0,979924.0,1719972.0,18.785974212034382,7.543151862464184,11.2428223495702,1.0303724928366762,0.1498567335243553,560182689.9770774,128934959.73352437,17.0,1719948.0,11.513,17.113,3.608,67.762,40797.089,50.8,13.382,691186.571,1538220.549,53755.836,6913.876,7677.77,1008553.929,1639.064,68.597,60.394,56.304,38.656,22.474,38.371,22.216,37.676,22.143,37.186,22.442,37.573,22.294,35.947,22.33,37.009,22.729,43.35,22.238,45.489,22.669,44.825,22.713,45.647,21.926,45.644,22.194,44.678,22.383,46.68,22.428,44.316,22.737,38.723,22.818,31.957,62.601,14.005,14.014,13.967,1396531.609,784.568,50.0,17063.558,11180089.905,831035.002,855587.381,0.03,0.027,1620.801,61.748,332.154,430.513,0.098,25018.482,23.677,20.354,2.863,3.028,1558.345,44.03,28.036,25.397,1.86,2.953,1629.017,53.43,1.09
32,real,1.001,22.126,27.69,0.724,10.0,23.302,92.1,0.79,19.999,14.815,96.35,0.73,49.995,20.314,98.41,0.795,99.992,18.166,99.1,0.9,199.985,21.389,99.11,1.78,299.968,22.512,99.07,2.79,399.976,18.796,99.6,1.6,499.963,22.104,99.52,2.4,766.588,368.736,1241.874,246.532,760.47,221.825,111.8,15.0,0.0,18027.0,109.03,4.0,2718.72,6134.96,0.0,44.38,8869.0,3.15,472.01,3.07,52.42,1002.0,88.75,855584.0,1666488.0,21.28,15.0,63.46,15.05,341.27,223601.8,10.45.0.33,0x46,157846.0,979812.0,1719972.0,980136.0,1719972.0,21.43641833810888,9.11189111747851,12.324527220630372,1.0303724928366762,0.1951289398280802,645873629.0730659,106877334.42979942,17.0,1719948.0,11.513,17.113,3.608,67.762,40797.089,50.8,13.382,691186.571,1538220.549,53755.836,6913.876,7677.77,1008553.929,1639.064,68.597,60.394,56.304,38.656,22.474,38.371,22.216,37.676,22.143,37.186,22.442,37.573,22.294,35.947,22.33,37.009,22.729,43.35,22.238,45.489,22.669,44.825,22.713,45.647,21.926,45.644,22.194,44.678,22.383,46.68,22.428,44.316,22.737,38.723,22.818,31.957,62.601,14.005,14.014,13.967,1396531.609,784.568,50.0,17063.558,11180089.905,831035.002,855587.381,0.03,0.027,1620.801,61.748,332.154,430.513,0.098,25018.482,23.677,20.354,2.863,3.028,1558.345,44.03,28.036,25.397,1.86,2.953,1629.017,53.43,1.09
33,"imputed_rates:1,10,20,50,100,200,300",1.001,29.382,27.57,0.725,10.0,25.193,90.3,0.97,19.999,11.444,94.83,1.034,49.995,24.41,98.28,0.859,99.992,19.665,98.65,1.352,199.983,17.867,99.53,0.93,299.979,14.178,99.5,1.5,399.969,25.04,99.08,3.68,499.976,16.615,99.1,4.5,1009.393,568.428,1457.769,296.248,992.741,295.698,111.8,15.0,0.0,15413.0,109.1,4.0,2648.29,5982.95,0.0,43.29,1926.0,3.17,475.71,3.21,59.15,350.0,86.58,855584.0,1666488.0,20.99,15.0,63.46,15.05,341.27,223601.8,10.45.0.34,0x46,157918.0,979624.0,1719972.0,979948.0,1719972.0,19.9778223495702,8.323424068767908,11.654398280802292,1.0303724928366762,0.1796561604584527,624836509.0114614,105193005.8495702,17.0,1719948.0,11.513,17.113,3.608,67.762,40797.089,50.8,13.382,691186.571,1538220.549,53755.836,6913.876,7677.77,1008553.929,1639.064,68.597,60.394,56.304,38.656,22.474,38.371,22.216,37.676,22.143,37.186,22.442,37.573,22.294,35.947,22.33,37.009,22.729,43.35,22.238,45.489,22.669,44.825,22.713,45.647,21.926,45.644,22.194,44.678,22.383,46.68,22.428,44.316,22.737,38.723,22.818,31.957,62.601,14.005,14.014,13.967,1396531.609,784.568,50.0,17063.558,11180089.905,831035.002,855587.381,0.03,0.027,1620.801,61.748,332.154,430.513,0.098,25018.482,23.677,20.354,2.863,3.028,1558.345,44.03,28.036,25.397,1.86,2.953,1629.017,53.43,1.09
34,real,1.001,8.698,0.0,1.001,10.0,7.116,85.57,1.443,19.999,8.022,92.47,1.506,49.995,7.54,96.65,1.675,99.992,6.101,98.23,1.77,199.987,7.207,98.84,2.32,299.99,6.166,99.51,1.47,399.973,8.389,99.38,2.48,499.947,6.372,99.59,2.05,447.235,233.027,669.847,128.626,487.024,49.243,111.8,15.0,0.0,32607.0,108.98,4.0,2749.69,6202.67,0.0,44.86,9208.0,3.09,463.32,2.86,40.77,743.0,89.72,855584.0,1666488.0,25.36,15.0,63.46,15.05,341.27,223601.8,10.45.0.35,0x46,157985.0,979884.0,1719972.0,980248.0,1719972.0,26.040945558739253,11.949985673352437,14.09095988538682,1.0300859598853866,0.1573065902578796,694147652.2020057,166128312.6590258,17.0,1719948.0,11.513,17.113,3.608,67.762,40797.089,50.8,13.382,691186.571,1538220.549,53755.836,6913.876,7677.77,1008553.929,1639.064,68.597,60.394,56.304,38.656,22.474,38.371,22.216,37.676,22.143,37.186,22.442,37.573,22.294,35.947,22.33,37.009,22.729,43.35,22.238,45.489,22.669,44.825,22.713,45.647,21.926,45.644,22.194,44.678,22.383,46.68,22.428,44.316,22.737,38.723,22.818,31.957,62.601,14.005,14.014,13.967,1396531.609,784.568,50.0,17063.558,11180089.905,831035.002,855587.381,0.03,0.027,1620.801,61.748,332.154,430.513,0.098,25018.482,23.677,20.354,2.863,3.028,1558.345,44.03,28.036,25.397,1.86,2.953,1629.017,53.43,1.09
35,real,1.001,25.847,32.54,0.675,10.0,28.333,92.95,0.705,19.999,19.221,96.55,0.69,49.996,33.639,98.56,0.72,99.993,35.576,99.21,0.79,199.982,29.026,99.41,1.18,299.976,17.75,99.52,1.44,399.959,22.582,99.45,2.2,499.993,22.005,99.65,1.75,882.615,460.409,1281.275,251.462,864.817,250.638,111.8,15.0,0.0,16355.0,109.04,4.0,2709.67,6116.31,0.0,44.24,3274.0,3.18,477.09,3.12,56.7,382.0,88.49,855584.0,1666488.0,21.57,15.0,63.46,15.05,341.27,223601.8,10.45.0.36,0x46,158061.0,979516.0,1719972.0,979824.0,1719972.0,19.068295128939827,8.33919770773639,10.729097421203438,1.0300859598853866,0.1232091690544412,598877882.5186247,107985642.6418338,17.0,1719948.0,11.513,17.113,3.608,67.762,40797.089,50.8,13.382,691186.571,1538220.549,53755.836,6913.876,7677.77,1008553.929,1639.064,68.597,60.394,56.304,38.656,22.474,38.371,22.216,37.676,22.143,37.186,22.442,37.573,22.294,35.947,22.33,37.009,22.729,43.35,22.238,45.489,22.669,44.825,22.713,45.647,21.926,45.644,22.194,44.678,22.383,46.68,22.428,44.316,22.737,38.723,22.818,31.957,62.601,14.005,14.014,13.967,1396531.609,784.568,50.0,17063.558,11180089.905,831035.002,855587.381,0.03,0.027,1620.801,61.748,332.154,430.513,0.098,25018.482,23.677,20.354,2.863,3.028,1558.345,44.03,28.036,25.397,1.86,2.953,1629.017,53.43,1.09
36,real,1.001,19.193,12.72,0.874,10.0,14.821,91.02,0.898,19.999,11.671,95.62,0.876,49.995,11.257,97.67,1.165,99.991,12.313,98.79,1.21,199.982,12.554,99.34,1.32,299.976,10.322,99.66,1.02,399.975,11.928,99.5,2.0,499.963,11.525,99.66,1.7,641.052,311.032,926.943,176.501,569.562,200.643,111.8,15.0,0.0,22756.0,109.02,4.0,2730.18,6161.05,0.0,44.56,3974.0,3.12,468.35,2.9,44.56,466.0,89.12,855580.0,1666488.0,22.84,15.0,63.46,15.05,341.27,223601.8,10.45.0.37,0x46,158170.0,979496.0,1719972.0,979868.0,1719972.0,23.001547277936965,10.08981375358166,12.9117335243553,1.0302292263610315,0.1630372492836676,615169543.0759312,105798624.62320916,17.0,1719948.0,11.513,17.113,3.608,67.762,40797.089,50.8,13.382,691186.571,1538220.549,53755.836,6913.876,7677.77,1008553.929,1639.064,68.597,60.394,56.304,38.656,22.474,38.371,22.216,37.676,22.143,37.186,22.442,37.573,22.294,35.947,22.33,37.009,22.729,43.35,22.238,45.489,22.669,44.825,22.713,45.647,21.926,45.644,22.194,44.678,22.383,46.68,22.428,44.316,22.737,38.723,22.818,31.957,62.601,14.005,14.014,13.967,1396531.609,784.568,50.0,17063.558,11180089.905,831035.002,855587.381,0.03,0.027,1620.801,61.748,332.154,430.513,0.098,25018.482,23.677,20.354,2.863,3.028,1558.345,44.03,28.036,25.397,1.86,2.953,1629.017,53.43,1.09
37,real,1.001,18.628,3.23,0.969,10.0,13.033,90.28,0.972,19.999,15.039,95.17,0.966,49.997,9.811,97.94,1.03,99.991,14.873,99.04,0.96,199.988,16.533,99.36,1.28,299.974,18.439,99.65,1.05,399.964,11.966,99.67,1.32,499.966,14.237,99.55,2.25,488.099,235.717,739.115,147.679,545.688,151.598,111.8,15.0,0.0,25900.0,109.01,4.0,2733.41,6168.04,0.0,44.61,4711.0,3.11,466.67,2.99,47.2,486.0,89.21,855584.0,1666488.0,23.52,15.0,63.46,15.05,341.27,223601.8,10.45.0.38,0x46,158264.0,979524.0,1719972.0,979840.0,1719972.0,24.03792263610315,10.684942693409742,13.35297994269341,1.029942693409742,0.1426934097421203,583367363.8366762,97874841.995702,17.0,1719948.0,11.513,17.113,3.608,67.762,40797.089,50.8,13.382,691186.571,1538220.549,53755.836,6913.876,7677.77,1008553.929,1639.064,68.597,60.394,56.304,38.656,22.474,38.371,22.216,37.676,22.143,37.186,22.442,37.573,22.294,35.947,22.33,37.009,22.729,43.35,22.238,45.489,22.669,44.825,22.713,45.647,21.926,45.644,22.194,44.678,22.383,46.68,22.428,44.316,22.737,38.723,22.818,31.957,62.601,14.005,14.014,13.967,1396531.609,784.568,50.0,17063.558,11180089.905,831035.002,855587.381,0.03,0.027,1620.801,61.748,332.154,430.513,0.098,25018.482,23.677,20.354,2.863,3.028,1558.345,44.03,28.036,25.397,1.86,2.953,1629.017,53.43,1.09
38,"imputed_rates:1,10,20,50,100,200,300,400,500",1.001,20.908,32.88,0.672,10.0,25.627,90.99,0.901,19.999,20.536,96.96,0.608,49.995,20.777,97.82,1.09,99.992,23.903,99.32,0.677,199.984,23.878,99.42,1.166,299.976,23.925,99.72,0.828,399.971,29.396,99.04,3.844,499.971,20.987,99.52,2.415,1063.963,507.151,1785.999,315.595,1029.497,423.983,111.8,15.0,0.0,15871.0,109.15,4.0,2636.73,5956.83,0.0,43.1,1889.0,3.18,476.98,3.14,57.02,367.0,86.21,855584.0,1666488.0,21.19,15.0,63.46,15.05,341.27,223601.8,10.45.0.39,0x46,158340.0,979676.0,1719972.0,979994.2521489972,1719972.0,18.752951289398283,8.54093123209169,10.21202005730659,1.030229226361031,0.1286532951289398,747836951.773639,132861770.07449856,17.0,1719948.0,11.513,17.113,3.608,67.762,40797.089,50.8,13.382,691186.571,1538220.549,53755.836,6913.876,7677.77,1008553.929,1639.064,68.597,60.394,56.304,38.656,22.474,38.371,22.216,37.676,22.143,37.186,22.442,37.573,22.294,35.947,22.33,37.009,22.729,43.35,22.238,45.489,22.669,44.825,22.713,45.647,21.926,45.644,22.194,44.678,22.383,46.68,22.428,44.316,22.737,38.723,22.818,31.957,62.601,14.005,14.014,13.967,1396531.609,784.568,50.0,17063.558,11180089.905,831035.002,855587.381,0.03,0.027,1620.801,61.748,332.154,430.513,0.098,25018.482,23.677,20.354,2.863,3.028,1558.345,44.03,28.036,25.397,1.86,2.953,1629.017,53.43,1.09
39,real,1.001,23.176,23.6,0.765,10.0,14.487,91.64,0.836,19.999,14.491,95.87,0.826,49.995,14.895,98.0,1.0,99.992,14.025,99.0,1.0,199.986,12.948,99.49,1.02,299.984,18.699,99.46,1.62,399.96,12.601,99.23,3.08,499.981,12.739,99.63,1.85,711.115,386.727,1066.35,214.221,711.68,212.335,111.8,15.0,0.0,19377.0,109.03,4.0,2720.55,6140.03,0.0,44.41,3666.0,3.14,470.5,2.96,47.86,461.0,88.82,855584.0,1666488.0,21.46,15.0,63.46,15.05,341.27,223601.8,10.45.0.40,0x46,158438.0,979624.0,1719972.0,979932.1661891118,1719972.0,21.310257879656163,10.095845272206304,11.214412607449855,1.030229226361031,0.1475644699140401,694434872.1189111,127445706.6418338,17.0,1719948.0,11.513,17.113,3.608,67.762,40797.089,50.8,13.382,691186.571,1538220.549,53755.836,6913.876,7677.77,1008553.929,1639.064,68.597,60.394,56.304,38.656,22.474,38.371,22.216,37.676,22.143,37.186,22.442,37.573,22.294,35.947,22.33,37.009,22.729,43.35,22.238,45.489,22.669,44.825,22.713,45.647,21.926,45.644,22.194,44.678,22.383,46.68,22.428,44.316,22.737,38.723,22.818,31.957,62.601,14.005,14.014,13.967,1396531.609,784.568,50.0,17063.558,11180089.905,831035.002,855587.381,0.03,0.027,1620.801,61.748,332.154,430.513,0.098,25018.482,23.677,20.354,2.863,3.028,1558.345,44.03,28.036,25.397,1.86,2.953,1629.017,53.43,1.09
41,real,1.001,26.671,27.69,0.724,10.0,16.643,92.43,0.757,19.999,22.566,96.1,0.78,49.997,22.544,97.91,1.045,99.992,23.227,99.08,0.92,199.982,16.633,99.33,1.34,299.982,25.152,99.75,0.75,399.973,23.677,99.78,0.88,499.943,17.614,99.2,4.0,848.811,471.228,1387.441,249.275,752.58,228.431,111.8,15.0,0.0,18180.0,109.03,4.0,2719.08,6136.89,0.0,44.39,3538.0,3.14,471.57,2.95,48.88,459.0,88.77,855584.0,1666488.0,21.36,15.0,63.46,15.05,341.27,223601.8,10.45.0.41,0x46,158638.0,979616.0,1719972.0,979887.5186246418,1719972.0,23.18358166189112,10.49256446991404,12.691017191977076,1.0303724928366762,0.160458452722063,607770183.2722063,100206202.512894,17.0,1719948.0,11.513,17.113,3.608,67.762,40797.089,50.8,13.382,691186.571,1538220.549,53755.836,6913.876,7677.77,1008553.929,1639.064,68.597,60.394,56.304,38.656,22.474,38.371,22.216,37.676,22.143,37.186,22.442,37.573,22.294,35.947,22.33,37.009,22.729,43.35,22.238,45.489,22.669,44.825,22.713,45.647,21.926,45.644,22.194,44.678,22.383,46.68,22.428,44.316,22.737,38.723,22.818,31.957,62.601,14.005,14.014,13.967,1396531.609,784.568,50.0,17063.558,11180089.905,831035.002,855587.381,0.03,0.027,1620.801,61.748,332.154,430.513,0.098,25018.482,23.677,20.354,2.863,3.028,1558.345,44.03,28.036,25.397,1.86,2.953,1629.017,53.43,1.09
42,real,1.001,20.914,24.89,0.752,10.0,15.995,91.8,0.82,19.999,14.615,95.72,0.856,49.995,14.616,98.4,0.8,99.992,14.465,98.87,1.13,199.985,14.268,99.31,1.38,299.975,16.172,99.29,2.13,399.969,14.049,99.75,1.0,499.968,20.991,99.73,1.35,723.179,417.477,1074.758,205.468,761.583,214.279,111.8,15.0,0.0,19238.0,109.03,4.0,2719.38,6137.54,0.0,44.39,3641.0,3.13,469.01,2.89,44.72,497.0,88.78,855580.0,1666488.0,22.52,15.0,63.46,15.05,341.27,223601.8,10.45.0.42,0x46,158729.0,978992.0,1719972.0,979239.306590258,1719972.0,23.07936962750716,10.56961318051576,12.509756446991403,1.0303724928366762,0.1776504297994269,716826413.7449857,138256785.37679082,17.0,1719948.0,11.513,17.113,3.608,67.762,40797.089,50.8,13.382,691186.571,1538220.549,53755.836,6913.876,7677.77,1008553.929,1639.064,68.597,60.394,56.304,38.656,22.474,38.371,22.216,37.676,22.143,37.186,22.442,37.573,22.294,35.947,22.33,37.009,22.729,43.35,22.238,45.489,22.669,44.825,22.713,45.647,21.926,45.644,22.194,44.678,22.383,46.68,22.428,44.316,22.737,38.723,22.818,31.957,62.601,14.005,14.014,13.967,1396531.609,784.568,50.0,17063.558,11180089.905,831035.002,855587.381,0.03,0.027,1620.801,61.748,332.154,430.513,0.098,25018.482,23.677,20.354,2.863,3.028,1558.345,44.03,28.036,25.397,1.86,2.953,1629.017,53.43,1.09
43,"imputed_rates:1,10,20,50,100,200,300,400,500",1.001,16.516,25.82,0.743,10.0,27.807,91.58,0.842,19.999,17.23,96.91,0.619,49.995,19.425,98.41,0.797,99.992,24.497,98.83,1.167,199.984,18.148,99.11,1.788,299.979,23.465,99.44,1.677,399.97,16.418,99.43,2.296,499.964,17.164,99.53,2.33,1561.118,801.787,2776.732,555.882,1374.016,396.631,111.8,15.0,0.0,11239.0,109.2,4.0,2605.72,5888.61,0.0,42.64,1637.0,3.21,481.85,3.28,63.4,325.0,85.27,855456.0,1666488.0,20.39,15.0,63.46,15.05,341.27,223601.8,10.45.0.43,0x46,158819.0,979668.0,1719972.0,979901.111747851,1719972.0,18.250458452722064,7.687449856733525,10.563008595988538,1.030229226361031,0.1747851002865329,757830574.9942694,200111789.82378224,17.0,1719948.0,11.513,17.113,3.608,67.762,40797.089,50.8,13.382,691186.571,1538220.549,53755.836,6913.876,7677.77,1008553.929,1639.064,68.597,60.394,56.304,38.656,22.474,38.371,22.216,37.676,22.143,37.186,22.442,37.573,22.294,35.947,22.33,37.009,22.729,43.35,22.238,45.489,22.669,44.825,22.713,45.647,21.926,45.644,22.194,44.678,22.383,46.68,22.428,44.316,22.737,38.723,22.818,31.957,62.601,14.005,14.014,13.967,1396531.609,784.568,50.0,17063.558,11180089.905,831035.002,855587.381,0.03,0.027,1620.801,61.748,332.154,430.513,0.098,25018.482,23.677,20.354,2.863,3.028,1558.345,44.03,28.036,25.397,1.86,2.953,1629.017,53.43,1.09
44,"imputed_rates:20,50,100,200,400,500",1.001,34.352,46.77,0.533,10.0,29.177,93.1,0.69,19.999,26.707,96.22,0.756,49.995,21.214,97.53,1.237,99.992,21.04,99.59,0.414,199.984,20.996,99.35,1.302,299.972,35.121,98.9,3.3,399.966,27.559,99.63,1.472,499.971,16.704,99.73,1.335,1543.365,688.459,2847.496,605.386,1427.891,455.602,111.8,15.0,0.0,11033.0,109.12,4.0,2653.53,5993.45,0.0,43.37,2241.0,3.17,475.12,3.19,58.62,412.0,86.73,855584.0,1666488.0,20.31,15.0,63.46,15.05,341.27,223601.8,10.45.0.44,0x46,158916.0,979872.0,1719972.0,980064.4183381088,1719972.0,19.919040114613185,8.176203438395415,11.742836676217763,1.030229226361031,0.1475644699140401,713294004.0100286,149116266.743553,17.0,1719948.0,11.513,17.113,3.608,67.762,40797.089,50.8,13.382,691186.571,1538220.549,53755.836,6913.876,7677.77,1008553.929,1639.064,68.597,60.394,56.304,38.656,22.474,38.371,22.216,37.676,22.143,37.186,22.442,37.573,22.294,35.947,22.33,37.009,22.729,43.35,22.238,45.489,22.669,44.825,22.713,45.647,21.926,45.644,22.194,44.678,22.383,46.68,22.428,44.316,22.737,38.723,22.818,31.957,62.601,14.005,14.014,13.967,1396531.609,784.568,50.0,17063.558,11180089.905,831035.002,855587.381,0.03,0.027,1620.801,61.748,332.154,430.513,0.098,25018.482,23.677,20.354,2.863,3.028,1558.345,44.03,28.036,25.397,1.86,2.953,1629.017,53.43,1.09
45,"imputed_rates:1,10,20,50,100",1.001,25.142,46.29,0.538,10.0,19.654,92.71,0.729,19.999,13.067,96.12,0.775,49.995,23.368,97.89,1.056,99.993,17.83,98.92,1.077,199.983,30.313,99.69,0.62,299.978,26.163,98.73,3.81,399.966,31.083,99.43,2.28,499.969,28.317,99.22,3.9,1657.8,832.889,2868.722,557.083,1434.074,434.15,111.8,15.0,0.0,10472.0,109.12,4.0,2639.74,5963.93,0.0,43.16,1838.0,3.2,479.91,3.27,62.8,346.0,86.31,855588.0,1666488.0,20.31,15.0,63.46,15.05,341.27,223601.8,10.45.0.45,0x46,159002.0,979616.0,1719972.0,979832.8653295127,1719972.0,20.355472779369627,8.622965616045844,11.732507163323785,1.0300859598853869,0.156160458452722,838710284.286533,227897174.6948424,17.0,1719948.0,11.513,17.113,3.608,67.762,40797.089,50.8,13.382,691186.571,1538220.549,53755.836,6913.876,7677.77,1008553.929,1639.064,68.597,60.394,56.304,38.656,22.474,38.371,22.216,37.676,22.143,37.186,22.442,37.573,22.294,35.947,22.33,37.009,22.729,43.35,22.238,45.489,22.669,44.825,22.713,45.647,21.926,45.644,22.194,44.678,22.383,46.68,22.428,44.316,22.737,38.723,22.818,31.957,62.601,14.005,14.014,13.967,1396531.609,784.568,50.0,17063.558,11180089.905,831035.002,855587.381,0.03,0.027,1620.801,61.748,332.154,430.513,0.098,25018.482,23.677,20.354,2.863,3.028,1558.345,44.03,28.036,25.397,1.86,2.953,1629.017,53.43,1.09
46,real,1.001,19.145,14.55,0.855,10.0,16.402,91.28,0.872,19.999,11.325,95.61,0.878,49.995,15.047,98.22,0.89,99.991,17.087,99.07,0.93,199.987,12.569,99.25,1.5,299.99,19.035,99.46,1.62,399.977,14.724,99.59,1.64,499.983,16.147,99.58,2.1,582.215,274.861,1098.995,215.466,609.092,185.657,111.8,15.0,0.0,22224.0,109.02,4.0,2729.03,6158.43,0.0,44.54,4079.0,3.13,469.85,2.94,46.1,476.0,89.08,855588.0,1666488.0,23.32,15.0,63.46,15.05,341.27,223601.8,10.45.0.46,0x46,159111.0,979644.0,1719972.0,979776.223495702,1719972.0,21.910329512893984,10.566762177650428,11.343567335243554,1.0302292263610315,0.1424068767908309,683434304.6017191,135600338.5329513,17.0,1719948.0,11.513,17.113,3.608,67.762,40797.089,50.8,13.382,691186.571,1538220.549,53755.836,6913.876,7677.77,1008553.929,1639.064,68.597,60.394,56.304,38.656,22.474,38.371,22.216,37.676,22.143,37.186,22.442,37.573,22.294,35.947,22.33,37.009,22.729,43.35,22.238,45.489,22.669,44.825,22.713,45.647,21.926,45.644,22.194,44.678,22.383,46.68,22.428,44.316,22.737,38.723,22.818,31.957,62.601,14.005,14.014,13.967,1396531.609,784.568,50.0,17063.558,11180089.905,831035.002,855587.381,0.03,0.027,1620.801,61.748,332.154,430.513,0.098,25018.482,23.677,20.354,2.863,3.028,1558.345,44.03,28.036,25.397,1.86,2.953,1629.017,53.43,1.09
47,real,1.001,21.512,24.89,0.752,10.0,16.014,92.21,0.779,19.999,14.665,96.05,0.79,49.997,15.527,97.67,1.165,99.993,12.745,99.12,0.88,199.986,14.828,99.35,1.3,299.977,15.988,99.2,2.4,399.976,13.601,99.57,1.72,499.985,16.125,99.78,1.1,728.01,362.695,1060.001,211.942,686.909,212.164,111.8,15.0,0.0,18816.0,109.02,4.0,2722.35,6144.29,0.0,44.43,3477.0,3.13,469.07,2.88,44.18,472.0,88.87,855588.0,1666488.0,22.35,15.0,63.46,15.05,341.27,223601.8,10.45.0.47,0x46,159208.0,979664.0,1719972.0,979772.4011461318,1719972.0,22.36924068767908,9.961747851002864,12.407492836676218,1.030229226361031,0.1664756446991404,755628531.8295128,162825817.5487106,17.0,1719948.0,11.513,17.113,3.608,67.762,40797.089,50.8,13.382,691186.571,1538220.549,53755.836,6913.876,7677.77,1008553.929,1639.064,68.597,60.394,56.304,38.656,22.474,38.371,22.216,37.676,22.143,37.186,22.442,37.573,22.294,35.947,22.33,37.009,22.729,43.35,22.238,45.489,22.669,44.825,22.713,45.647,21.926,45.644,22.194,44.678,22.383,46.68,22.428,44.316,22.737,38.723,22.818,31.957,62.601,14.005,14.014,13.967,1396531.609,784.568,50.0,17063.558,11180089.905,831035.002,855587.381,0.03,0.027,1620.801,61.748,332.154,430.513,0.098,25018.482,23.677,20.354,2.863,3.028,1558.345,44.03,28.036,25.397,1.86,2.953,1629.017,53.43,1.09
48,"imputed_rates:1,10,20,50,100,200,300,400,500",1.001,19.052,29.62,0.704,10.0,15.501,92.86,0.714,19.999,22.324,94.92,1.017,49.995,23.559,98.33,0.836,99.992,22.129,98.84,1.162,199.984,20.961,99.23,1.534,299.983,24.441,99.22,2.34,399.974,18.337,99.64,1.444,499.974,17.085,99.68,1.61,1526.003,729.874,2712.948,544.771,1431.875,383.21,111.8,15.0,0.0,10363.0,109.2,4.0,2601.23,5878.63,0.0,42.57,1635.0,3.23,484.95,3.45,70.74,309.0,85.14,855588.0,1666488.0,19.73,15.0,63.46,15.05,341.27,223601.8,10.45.0.48,0x46,159323.0,979744.0,1719972.0,979850.3724928368,1719972.0,19.51416905444126,7.889627507163323,11.624541547277936,1.030229226361031,0.1693409742120344,891174625.6661891,202179263.53438395,17.0,1719948.0,11.513,17.113,3.608,67.762,40797.089,50.8,13.382,691186.571,1538220.549,53755.836,6913.876,7677.77,1008553.929,1639.064,68.597,60.394,56.304,38.656,22.474,38.371,22.216,37.676,22.143,37.186,22.442,37.573,22.294,35.947,22.33,37.009,22.729,43.35,22.238,45.489,22.669,44.825,22.713,45.647,21.926,45.644,22.194,44.678,22.383,46.68,22.428,44.316,22.737,38.723,22.818,31.957,62.601,14.005,14.014,13.967,1396531.609,784.568,50.0,17063.558,11180089.905,831035.002,855587.381,0.03,0.027,1620.801,61.748,332.154,430.513,0.098,25018.482,23.677,20.354,2.863,3.028,1558.345,44.03,28.036,25.397,1.86,2.953,1629.017,53.43,1.09
49,real,1.001,20.988,25.11,0.75,10.0,16.219,92.22,0.778,19.999,15.47,96.0,0.8,49.995,14.866,98.31,0.845,99.992,15.899,99.08,0.92,199.985,17.029,99.54,0.92,299.978,14.026,99.58,1.26,399.96,14.73,99.62,1.52,499.961,15.467,99.75,1.25,731.65,355.3,1064.657,210.091,748.425,212.38,111.8,15.0,0.0,18612.0,109.03,4.0,2719.95,6138.9,0.0,44.4,3631.0,3.14,470.32,2.95,47.55,465.0,88.79,855588.0,1666488.0,21.77,15.0,63.46,15.05,341.27,223601.8,10.45.0.49,0x46,159433.0,979672.0,1719972.0,979732.1260744984,1719972.0,23.187936962750715,10.438280802292262,12.749656160458454,1.0303724928366762,0.1518624641833811,662252516.7535816,127244039.31948423,17.0,1719948.0,11.513,17.113,3.608,67.762,40797.089,50.8,13.382,691186.571,1538220.549,53755.836,6913.876,7677.77,1008553.929,1639.064,68.597,60.394,56.304,38.656,22.474,38.371,22.216,37.676,22.143,37.186,22.442,37.573,22.294,35.947,22.33,37.009,22.729,43.35,22.238,45.489,22.669,44.825,22.713,45.647,21.926,45.644,22.194,44.678,22.383,46.68,22.428,44.316,22.737,38.723,22.818,31.957,62.601,14.005,14.014,13.967,1396531.609,784.568,50.0,17063.558,11180089.905,831035.002,855587.381,0.03,0.027,1620.801,61.748,332.154,430.513,0.098,25018.482,23.677,20.354,2.863,3.028,1558.345,44.03,28.036,25.397,1.86,2.953,1629.017,53.43,1.09
50,real,1.001,15.699,0.0,1.001,10.0,13.357,89.87,1.013,19.999,14.239,94.96,1.008,49.996,10.065,97.93,1.035,99.992,9.749,98.9,1.1,199.979,16.235,99.1,1.8,299.982,12.755,99.51,1.47,399.999,14.325,99.73,1.08,499.973,13.988,99.77,1.15,525.156,255.466,789.824,155.405,512.453,163.473,111.8,15.0,0.0,26782.0,109.01,4.0,2730.63,6161.63,0.0,44.57,5226.0,3.26,489.07,3.66,77.45,691.0,89.13,855588.0,1666488.0,23.71,15.0,63.46,15.05,341.27,223601.8,10.45.0.50,0x46,159555.0,979024.0,1719972.0,979058.3610315188,1719972.0,25.43865329512894,11.934083094555874,13.504570200573063,1.030229226361031,0.1361031518624642,780772087.6934098,208958399.89971343,17.0,1719948.0,11.513,17.113,3.608,67.762,40797.089,50.8,13.382,691186.571,1538220.549,53755.836,6913.876,7677.77,1008553.929,1639.064,68.597,60.394,56.304,38.656,22.474,38.371,22.216,37.676,22.143,37.186,22.442,37.573,22.294,35.947,22.33,37.009,22.729,43.35,22.238,45.489,22.669,44.825,22.713,45.647,21.926,45.644,22.194,44.678,22.383,46.68,22.428,44.316,22.737,38.723,22.818,31.957,62.601,14.005,14.014,13.967,1396531.609,784.568,50.0,17063.558,11180089.905,831035.002,855587.381,0.03,0.027,1620.801,61.748,332.154,430.513,0.098,25018.482,23.677,20.354,2.863,3.028,1558.345,44.03,28.036,25.397,1.86,2.953,1629.017,53.43,1.09
