epoch_s,datetime_utc,direction,target_bw_mbps,gnb,interval_start_s,interval_end_s,mbps,bytes,retransmits,gnb_pkg0_watts,gnb_total_watts,gnb_cpu_load,nof_ues,handover_phase
1787047716.161,2026-08-18T10:08:36.160Z,dl,1,gnb1,0,2.321,0.4517,131072,0,22.39,46.206,14.11,50,pre
1787047718.194,2026-08-18T10:08:38.194Z,dl,1,gnb1,2.321,4.067,0.6006,131072,0,22.39,46.206,14.11,50,pre
1787047719.729,2026-08-18T10:08:39.728Z,dl,1,gnb1,4.067,5.39,0.7926,131072,0,22.39,46.206,14.11,50,pre
1787047722.001,2026-08-18T10:08:42.000Z,dl,1,gnb1,5.39,8.611,0.3256,131072,0,22.39,46.206,14.11,50,pre
1787047724.773,2026-08-18T10:08:44.772Z,dl,1,gnb1,8.611,10.935,0.4512,131072,0,22.39,46.206,14.11,50,pre
1787047727.028,2026-08-18T10:08:47.027Z,dl,1,gnb1,10.935,13.121,0.4796,131072,0,22.39,46.206,14.11,50,pre
1787047729.769,2026-08-18T10:08:49.769Z,dl,1,gnb1,13.121,16.417,0.3181,131072,0,22.39,46.206,14.11,50,pre
1787047735.833,2026-08-18T10:08:55.832Z,dl,1,gnb1,16.417,25.249,0.1187,131072,0,22.39,46.206,14.11,50,pre
1787047745.25,2026-08-18T10:09:05.249Z,dl,1,gnb1,25.249,35.251,0.0821,102616,0,22.39,46.206,14.11,50,pre
1787047779.5,2026-08-18T10:09:39.500Z,ul,1,gnb1,0,1.0,0.4529,56616,0,22.39,46.206,14.11,50,pre
1787047780.5,2026-08-18T10:09:40.500Z,ul,1,gnb1,1.0,2.0,0.0,0,0,22.39,46.206,14.11,50,pre
1787047781.5,2026-08-18T10:09:41.500Z,ul,1,gnb1,2.0,3.0,0.6147,76836,0,22.39,46.206,14.11,50,pre
1787047782.5,2026-08-18T10:09:42.500Z,ul,1,gnb1,3.0,4.0,0.0,0,0,22.39,46.206,14.11,50,pre
1787047783.5,2026-08-18T10:09:43.500Z,ul,1,gnb1,4.0,5.0,1.251,156368,0,22.39,46.206,14.11,50,pre
1787047784.5,2026-08-18T10:09:44.500Z,ul,1,gnb1,5.0,6.0,0.0,0,0,22.39,46.206,14.11,50,pre
1787047785.5,2026-08-18T10:09:45.500Z,ul,1,gnb1,6.0,7.0,1.4235,177936,0,22.39,46.206,14.11,50,pre
1787047786.5,2026-08-18T10:09:46.500Z,ul,1,gnb1,7.0,8.0,1.0485,131072,0,22.39,46.206,14.11,50,pre
1787047787.5,2026-08-18T10:09:47.500Z,ul,1,gnb1,8.0,9.0,1.0484,131072,0,22.39,46.206,14.11,50,pre
1787047788.5,2026-08-18T10:09:48.500Z,ul,1,gnb1,9.0,10.0,1.0488,131072,0,22.39,46.206,14.11,50,pre
1787047789.5,2026-08-18T10:09:49.500Z,ul,1,gnb1,10.0,11.0,1.0486,131072,0,22.39,46.206,14.11,50,pre
1787047790.5,2026-08-18T10:09:50.500Z,ul,1,gnb1,11.0,12.0,1.0486,131072,0,22.39,46.206,14.11,50,pre
1787047791.5,2026-08-18T10:09:51.500Z,ul,1,gnb1,12.0,13.0,1.0486,131072,0,22.39,46.206,14.11,50,pre
1787047792.5,2026-08-18T10:09:52.500Z,ul,1,gnb1,13.0,14.0,2.0972,262144,0,22.39,46.206,14.11,50,pre
1787047793.5,2026-08-18T10:09:53.500Z,ul,1,gnb1,14.0,15.0,1.0486,131072,0,22.39,46.206,14.11,50,pre
1787047794.5,2026-08-18T10:09:54.500Z,ul,1,gnb1,15.0,16.0,1.0486,131072,0,22.39,46.206,14.11,50,pre
1787047795.5,2026-08-18T10:09:55.500Z,ul,1,gnb1,16.0,17.0,1.0485,131072,0,22.39,46.206,14.11,50,pre
1787047796.5,2026-08-18T10:09:56.500Z,ul,1,gnb1,17.0,18.0,1.0486,131072,0,22.39,46.206,14.11,50,pre
1787047797.5,2026-08-18T10:09:57.500Z,ul,1,gnb1,18.0,19.0,1.0486,131072,0,22.39,46.206,14.11,50,pre
1787047798.5,2026-08-18T10:09:58.500Z,ul,1,gnb1,19.0,20.0,1.0486,131072,0,22.39,46.206,14.11,50,pre
1787047799.5,2026-08-18T10:09:59.500Z,ul,1,gnb1,20.0,21.0,0.0,0,27,22.39,46.206,14.11,50,pre
1787047800.5,2026-08-18T10:10:00.500Z,ul,1,gnb1,21.0,22.0,0.0,0,25,22.39,46.206,14.11,50,pre
1787047801.5,2026-08-18T10:10:01.500Z,ul,1,gnb1,22.0,23.0,0.0,0,33,22.39,46.206,14.11,50,pre
1787047802.5,2026-08-18T10:10:02.500Z,ul,1,gnb1,23.0,24.0,0.0,0,21,22.39,46.206,14.11,50,pre
1787047803.5,2026-08-18T10:10:03.500Z,ul,1,gnb1,24.0,25.0,0.0,0,34,22.39,46.206,14.11,50,pre
1787047804.5,2026-08-18T10:10:04.500Z,ul,1,gnb1,25.0,26.0,0.0,0,2,22.39,46.206,14.11,50,pre
1787047805.5,2026-08-18T10:10:05.500Z,ul,1,gnb1,26.0,27.0,1.0485,131072,0,22.39,46.206,14.11,50,pre
1787047806.5,2026-08-18T10:10:06.500Z,ul,1,gnb1,27.0,28.0,0.0,0,0,22.39,46.206,14.11,50,pre
1787047807.5,2026-08-18T10:10:07.500Z,ul,1,gnb1,28.0,29.0,0.0,0,0,22.39,46.206,14.11,50,pre
1787047808.5,2026-08-18T10:10:08.500Z,ul,1,gnb1,29.0,30.0,0.0,0,2,22.39,46.206,14.11,50,pre
1787047887.5,2026-08-18T10:11:27.500Z,ul,2,gnb1,0,1.0,0.4529,56616,0,22.39,46.206,14.11,50,pre
1787047888.5,2026-08-18T10:11:28.500Z,ul,2,gnb1,1.0,2.0,0.0,0,0,22.39,46.206,14.11,50,pre
1787047889.5,2026-08-18T10:11:29.500Z,ul,2,gnb1,2.0,3.0,1.1215,140192,0,22.39,46.206,14.11,50,pre
1787047890.5,2026-08-18T10:11:30.500Z,ul,2,gnb1,3.0,4.0,0.7333,91664,0,22.39,46.206,14.11,50,pre
1787047891.5,2026-08-18T10:11:31.500Z,ul,2,gnb1,4.0,5.0,1.0486,131072,0,22.39,46.206,14.11,50,pre
1787047892.5,2026-08-18T10:11:32.500Z,ul,2,gnb1,5.0,6.0,1.0485,131072,0,22.39,46.206,14.11,50,pre
1787047893.5,2026-08-18T10:11:33.500Z,ul,2,gnb1,6.0,7.0,0.0,0,0,22.39,46.206,14.11,50,pre
1787047894.5,2026-08-18T10:11:34.500Z,ul,2,gnb1,7.0,8.0,1.0486,131072,0,22.39,46.206,14.11,50,pre
1787047895.5,2026-08-18T10:11:35.500Z,ul,2,gnb1,8.0,9.0,1.0486,131072,0,22.39,46.206,14.11,50,pre
1787047896.5,2026-08-18T10:11:36.500Z,ul,2,gnb1,9.0,10.0,1.0486,131072,0,22.39,46.206,14.11,50,pre
1787047897.5,2026-08-18T10:11:37.500Z,ul,2,gnb1,10.0,11.0,1.0486,131072,0,22.39,46.206,14.11,50,pre
1787047898.5,2026-08-18T10:11:38.500Z,ul,2,gnb1,11.0,12.0,1.0486,131072,0,22.39,46.206,14.11,50,pre
1787047899.5,2026-08-18T10:11:39.500Z,ul,2,gnb1,12.0,13.0,2.0972,262144,0,22.39,46.206,14.11,50,pre
1787047900.5,2026-08-18T10:11:40.500Z,ul,2,gnb1,13.0,14.0,1.0485,131072,0,22.39,46.206,14.11,50,pre
1787047901.5,2026-08-18T10:11:41.500Z,ul,2,gnb1,14.0,15.0,1.0486,131072,0,22.39,46.206,14.11,50,pre
1787047902.5,2026-08-18T10:11:42.500Z,ul,2,gnb1,15.0,16.0,1.0486,131072,0,22.39,46.206,14.11,50,pre
1787047903.5,2026-08-18T10:11:43.500Z,ul,2,gnb1,16.0,17.0,1.0486,131072,0,22.39,46.206,14.11,50,pre
1787047904.5,2026-08-18T10:11:44.500Z,ul,2,gnb1,17.0,18.0,1.0486,131072,0,22.39,46.206,14.11,50,pre
1787047905.5,2026-08-18T10:11:45.500Z,ul,2,gnb1,18.0,19.0,1.0486,131072,0,22.39,46.206,14.11,50,pre
1787047906.5,2026-08-18T10:11:46.500Z,ul,2,gnb1,19.0,20.0,1.0486,131072,5,22.39,46.206,14.11,50,pre
1787047907.5,2026-08-18T10:11:47.500Z,ul,2,gnb1,20.0,21.0,0.0,0,25,22.39,46.206,14.11,50,pre
1787047908.5,2026-08-18T10:11:48.500Z,ul,2,gnb1,21.0,22.0,0.0,0,29,22.39,46.206,14.11,50,pre
1787047909.5,2026-08-18T10:11:49.500Z,ul,2,gnb1,22.0,23.0,0.0,0,28,22.39,46.206,14.11,50,pre
1787047910.5,2026-08-18T10:11:50.500Z,ul,2,gnb1,23.0,24.0,0.0,0,32,22.39,46.206,14.11,50,pre
1787047911.5,2026-08-18T10:11:51.500Z,ul,2,gnb1,24.0,25.0,0.0,0,20,22.39,46.206,14.11,50,pre
1787047912.5,2026-08-18T10:11:52.500Z,ul,2,gnb1,25.0,26.0,1.0486,131072,0,22.39,46.206,14.11,50,pre
1787047913.5,2026-08-18T10:11:53.500Z,ul,2,gnb1,26.0,27.0,1.0486,131072,0,22.39,46.206,14.11,50,pre
1787047914.5,2026-08-18T10:11:54.500Z,ul,2,gnb1,27.0,28.0,1.0485,131072,0,22.39,46.206,14.11,50,pre
1787047915.5,2026-08-18T10:11:55.500Z,ul,2,gnb1,28.0,29.0,2.0971,262144,0,22.39,46.206,14.11,50,pre
1787047916.5,2026-08-18T10:11:56.500Z,ul,2,gnb1,29.0,30.0,0.0,0,10,22.39,46.206,14.11,50,pre
1787047937.754,2026-08-18T10:12:17.753Z,dl,5,gnb1,0,3.508,0.2989,131072,0,22.39,46.206,14.11,50,pre
1787047942.957,2026-08-18T10:12:22.956Z,dl,5,gnb1,3.508,10.406,0.152,131072,0,22.39,46.206,14.11,50,pre
1787047951.378,2026-08-18T10:12:31.377Z,dl,5,gnb1,10.406,20.35,0.1054,131072,0,22.39,46.206,14.11,50,pre
1787047959.291,2026-08-18T10:12:39.290Z,dl,5,gnb1,20.35,26.232,0.1783,131072,0,22.39,46.206,14.11,50,pre
1787047967.233,2026-08-18T10:12:47.232Z,dl,5,gnb1,26.232,36.233,0.0993,124100,0,22.39,46.206,14.11,50,pre
1787047995.5,2026-08-18T10:13:15.500Z,ul,5,gnb1,0,1.0,0.4529,56616,0,22.39,46.206,14.11,50,pre
1787047996.5,2026-08-18T10:13:16.500Z,ul,5,gnb1,1.0,2.0,0.0,0,0,22.39,46.206,14.11,50,pre
1787047997.5,2026-08-18T10:13:17.500Z,ul,5,gnb1,2.0,3.0,0.6147,76836,0,22.39,46.206,14.11,50,pre
1787047998.5,2026-08-18T10:13:18.500Z,ul,5,gnb1,3.0,4.0,0.0,0,0,22.39,46.206,14.11,50,pre
1787047999.5,2026-08-18T10:13:19.500Z,ul,5,gnb1,4.0,5.0,0.8519,106492,0,22.39,46.206,14.11,50,pre
1787048000.5,2026-08-18T10:13:20.500Z,ul,5,gnb1,5.0,6.0,0.8196,102448,0,22.39,46.206,14.11,50,pre
1787048001.5,2026-08-18T10:13:21.500Z,ul,5,gnb1,6.0,7.0,0.7118,88968,0,22.39,46.206,14.11,50,pre
1787048002.5,2026-08-18T10:13:22.500Z,ul,5,gnb1,7.0,8.0,1.0485,131072,0,22.39,46.206,14.11,50,pre
1787048003.5,2026-08-18T10:13:23.500Z,ul,5,gnb1,8.0,9.0,1.0486,131072,0,22.39,46.206,14.11,50,pre
1787048004.5,2026-08-18T10:13:24.500Z,ul,5,gnb1,9.0,10.0,1.0486,131072,0,22.39,46.206,14.11,50,pre
1787048005.5,2026-08-18T10:13:25.500Z,ul,5,gnb1,10.0,11.0,2.0971,262144,0,22.39,46.206,14.11,50,pre
1787048006.5,2026-08-18T10:13:26.500Z,ul,5,gnb1,11.0,12.0,1.0486,131072,0,22.39,46.206,14.11,50,pre
1787048007.5,2026-08-18T10:13:27.500Z,ul,5,gnb1,12.0,13.0,1.0485,131072,0,22.39,46.206,14.11,50,pre
1787048008.5,2026-08-18T10:13:28.500Z,ul,5,gnb1,13.0,14.0,1.0486,131072,0,22.39,46.206,14.11,50,pre
1787048009.5,2026-08-18T10:13:29.500Z,ul,5,gnb1,14.0,15.0,1.0486,131072,0,22.39,46.206,14.11,50,pre
1787048010.5,2026-08-18T10:13:30.500Z,ul,5,gnb1,15.0,16.0,1.0485,131072,0,22.39,46.206,14.11,50,pre
1787048011.5,2026-08-18T10:13:31.500Z,ul,5,gnb1,16.0,17.0,1.0486,131072,0,22.39,46.206,14.11,50,pre
1787048012.5,2026-08-18T10:13:32.500Z,ul,5,gnb1,17.0,18.0,1.0485,131072,0,22.39,46.206,14.11,50,pre
1787048013.5,2026-08-18T10:13:33.500Z,ul,5,gnb1,18.0,19.0,1.0486,131072,0,22.39,46.206,14.11,50,pre
1787048014.5,2026-08-18T10:13:34.500Z,ul,5,gnb1,19.0,20.0,1.0486,131072,0,22.39,46.206,14.11,50,pre
1787048015.5,2026-08-18T10:13:35.500Z,ul,5,gnb1,20.0,21.0,0.0,0,33,22.39,46.206,14.11,50,pre
1787048016.5,2026-08-18T10:13:36.500Z,ul,5,gnb1,21.0,22.0,0.0,0,19,22.39,46.206,14.11,50,pre
1787048017.5,2026-08-18T10:13:37.500Z,ul,5,gnb1,22.0,23.0,1.0486,131072,36,22.39,46.206,14.11,50,pre
1787048018.5,2026-08-18T10:13:38.500Z,ul,5,gnb1,23.0,24.0,0.0,0,26,22.39,46.206,14.11,50,pre
1787048019.5,2026-08-18T10:13:39.500Z,ul,5,gnb1,24.0,25.0,0.0,0,26,22.39,46.206,14.11,50,pre
1787048020.5,2026-08-18T10:13:40.500Z,ul,5,gnb1,25.0,26.0,1.0486,131072,0,22.39,46.206,14.11,50,pre
1787048021.5,2026-08-18T10:13:41.500Z,ul,5,gnb1,26.0,27.0,1.0486,131072,0,22.39,46.206,14.11,50,pre
1787048022.5,2026-08-18T10:13:42.500Z,ul,5,gnb1,27.0,28.0,1.0486,131072,0,22.39,46.206,14.11,50,pre
1787048023.5,2026-08-18T10:13:43.500Z,ul,5,gnb1,28.0,29.0,1.0486,131072,0,22.39,46.206,14.11,50,pre
1787048024.5,2026-08-18T10:13:44.500Z,ul,5,gnb1,29.0,30.0,1.0485,131072,6,22.39,46.206,14.11,50,pre
1787048106.5,2026-08-18T10:15:06.500Z,ul,10,gnb1,0,1.0,0.4529,56616,0,22.39,46.206,14.11,50,pre
1787048107.5,2026-08-18T10:15:07.500Z,ul,10,gnb1,1.0,2.0,0.0,0,0,22.39,46.206,14.11,50,pre
1787048108.5,2026-08-18T10:15:08.500Z,ul,10,gnb1,2.0,3.0,0.6578,82228,0,22.39,46.206,14.11,50,pre
1787048109.5,2026-08-18T10:15:09.500Z,ul,10,gnb1,3.0,4.0,0.0,0,0,22.39,46.206,14.11,50,pre
1787048110.5,2026-08-18T10:15:10.500Z,ul,10,gnb1,4.0,5.0,0.895,111884,0,22.39,46.206,14.11,50,pre
1787048111.5,2026-08-18T10:15:11.500Z,ul,10,gnb1,5.0,6.0,0.798,99752,0,22.39,46.206,14.11,50,pre
1787048112.5,2026-08-18T10:15:12.500Z,ul,10,gnb1,6.0,7.0,0.701,87620,0,22.39,46.206,14.11,50,pre
1787048113.5,2026-08-18T10:15:13.500Z,ul,10,gnb1,7.0,8.0,1.0486,131072,0,22.39,46.206,14.11,50,pre
1787048114.5,2026-08-18T10:15:14.500Z,ul,10,gnb1,8.0,9.0,1.0486,131072,0,22.39,46.206,14.11,50,pre
1787048115.5,2026-08-18T10:15:15.500Z,ul,10,gnb1,9.0,10.0,1.0486,131072,0,22.39,46.206,14.11,50,pre
1787048116.5,2026-08-18T10:15:16.500Z,ul,10,gnb1,10.0,11.0,1.0486,131072,0,22.39,46.206,14.11,50,pre
1787048117.5,2026-08-18T10:15:17.500Z,ul,10,gnb1,11.0,12.0,1.0486,131072,0,22.39,46.206,14.11,50,pre
1787048118.5,2026-08-18T10:15:18.500Z,ul,10,gnb1,12.0,13.0,2.0971,262144,0,22.39,46.206,14.11,50,pre
1787048119.5,2026-08-18T10:15:19.500Z,ul,10,gnb1,13.0,14.0,1.0486,131072,0,22.39,46.206,14.11,50,pre
1787048120.5,2026-08-18T10:15:20.500Z,ul,10,gnb1,14.0,15.0,1.0485,131072,0,22.39,46.206,14.11,50,pre
1787048121.5,2026-08-18T10:15:21.500Z,ul,10,gnb1,15.0,16.0,1.0486,131072,0,22.39,46.206,14.11,50,pre
1787048122.5,2026-08-18T10:15:22.500Z,ul,10,gnb1,16.0,17.0,1.0486,131072,0,22.39,46.206,14.11,50,pre
1787048123.5,2026-08-18T10:15:23.500Z,ul,10,gnb1,17.0,18.0,1.0485,131072,0,22.39,46.206,14.11,50,pre
1787048124.5,2026-08-18T10:15:24.500Z,ul,10,gnb1,18.0,19.0,1.0486,131072,0,22.39,46.206,14.11,50,pre
1787048125.5,2026-08-18T10:15:25.500Z,ul,10,gnb1,19.0,20.0,1.0486,131072,0,22.39,46.206,14.11,50,pre
1787048126.5,2026-08-18T10:15:26.500Z,ul,10,gnb1,20.0,21.0,0.0,0,30,22.39,46.206,14.11,50,pre
1787048127.5,2026-08-18T10:15:27.500Z,ul,10,gnb1,21.0,22.0,0.0,0,24,22.39,46.206,14.11,50,pre
1787048128.5,2026-08-18T10:15:28.500Z,ul,10,gnb1,22.0,23.0,0.0,0,34,22.39,46.206,14.11,50,pre
1787048129.5,2026-08-18T10:15:29.500Z,ul,10,gnb1,23.0,24.0,0.0,0,21,22.39,46.206,14.11,50,pre
1787048130.5,2026-08-18T10:15:30.500Z,ul,10,gnb1,24.0,25.0,0.0,0,30,22.39,46.206,14.11,50,pre
1787048131.5,2026-08-18T10:15:31.500Z,ul,10,gnb1,25.0,26.0,1.0486,131072,2,22.39,46.206,14.11,50,pre
1787048132.5,2026-08-18T10:15:32.500Z,ul,10,gnb1,26.0,27.0,2.0971,262144,0,22.39,46.206,14.11,50,pre
1787048133.5,2026-08-18T10:15:33.500Z,ul,10,gnb1,27.0,28.0,1.0486,131072,0,22.39,46.206,14.11,50,pre
1787048134.5,2026-08-18T10:15:34.500Z,ul,10,gnb1,28.0,29.0,0.0,0,0,22.39,46.206,14.11,50,pre
1787048135.5,2026-08-18T10:15:35.500Z,ul,10,gnb1,29.0,30.0,2.0971,262144,1,22.39,46.206,14.11,50,pre
1787048223.5,2026-08-18T10:17:03.500Z,ul,20,gnb1,0,1.0,0.4529,56616,0,22.39,46.206,14.11,50,pre
1787048224.5,2026-08-18T10:17:04.500Z,ul,20,gnb1,1.0,2.0,0.0,0,0,22.39,46.206,14.11,50,pre
1787048225.5,2026-08-18T10:17:05.500Z,ul,20,gnb1,2.0,3.0,0.7333,91664,0,22.39,46.206,14.11,50,pre
1787048226.5,2026-08-18T10:17:06.500Z,ul,20,gnb1,3.0,4.0,0.0,0,0,22.39,46.206,14.11,50,pre
1787048227.5,2026-08-18T10:17:07.500Z,ul,20,gnb1,4.0,5.0,0.7333,91664,0,22.39,46.206,14.11,50,pre
1787048228.5,2026-08-18T10:17:08.500Z,ul,20,gnb1,5.0,6.0,0.8411,105144,0,22.39,46.206,14.11,50,pre
1787048229.5,2026-08-18T10:17:09.500Z,ul,20,gnb1,6.0,7.0,0.701,87620,0,22.39,46.206,14.11,50,pre
1787048230.5,2026-08-18T10:17:10.500Z,ul,20,gnb1,7.0,8.0,1.0485,131072,0,22.39,46.206,14.11,50,pre
1787048231.5,2026-08-18T10:17:11.500Z,ul,20,gnb1,8.0,9.0,1.0486,131072,0,22.39,46.206,14.11,50,pre
1787048232.5,2026-08-18T10:17:12.500Z,ul,20,gnb1,9.0,10.0,1.0486,131072,0,22.39,46.206,14.11,50,pre
1787048233.5,2026-08-18T10:17:13.500Z,ul,20,gnb1,10.0,11.0,2.0972,262144,0,22.39,46.206,14.11,50,pre
1787048234.5,2026-08-18T10:17:14.500Z,ul,20,gnb1,11.0,12.0,1.0485,131072,0,22.39,46.206,14.11,50,pre
1787048235.5,2026-08-18T10:17:15.500Z,ul,20,gnb1,12.0,13.0,1.0486,131072,0,22.39,46.206,14.11,50,pre
1787048236.5,2026-08-18T10:17:16.500Z,ul,20,gnb1,13.0,14.0,1.0485,131072,0,22.39,46.206,14.11,50,pre
1787048237.5,2026-08-18T10:17:17.500Z,ul,20,gnb1,14.0,15.0,1.0486,131072,0,22.39,46.206,14.11,50,pre
1787048238.5,2026-08-18T10:17:18.500Z,ul,20,gnb1,15.0,16.0,1.0486,131072,0,22.39,46.206,14.11,50,pre
1787048239.5,2026-08-18T10:17:19.500Z,ul,20,gnb1,16.0,17.0,1.0485,131072,0,22.39,46.206,14.11,50,pre
1787048240.5,2026-08-18T10:17:20.500Z,ul,20,gnb1,17.0,18.0,1.0486,131072,0,22.39,46.206,14.11,50,pre
1787048241.5,2026-08-18T10:17:21.500Z,ul,20,gnb1,18.0,19.0,2.0972,262144,0,22.39,46.206,14.11,50,pre
1787048242.5,2026-08-18T10:17:22.500Z,ul,20,gnb1,19.0,20.0,1.0485,131072,5,22.39,46.206,14.11,50,pre
1787048243.5,2026-08-18T10:17:23.500Z,ul,20,gnb1,20.0,21.0,0.0,0,31,22.39,46.206,14.11,50,pre
1787048244.5,2026-08-18T10:17:24.500Z,ul,20,gnb1,21.0,22.0,0.0,0,25,22.39,46.206,14.11,50,pre
1787048245.5,2026-08-18T10:17:25.500Z,ul,20,gnb1,22.0,23.0,0.0,0,29,22.39,46.206,14.11,50,pre
1787048246.5,2026-08-18T10:17:26.500Z,ul,20,gnb1,23.0,24.0,0.0,0,24,22.39,46.206,14.11,50,pre
1787048247.5,2026-08-18T10:17:27.500Z,ul,20,gnb1,24.0,25.0,0.0,0,25,22.39,46.206,14.11,50,pre
1787048248.5,2026-08-18T10:17:28.500Z,ul,20,gnb1,25.0,26.0,1.0485,131072,0,22.39,46.206,14.11,50,pre
1787048249.5,2026-08-18T10:17:29.500Z,ul,20,gnb1,26.0,27.0,1.0486,131072,0,22.39,46.206,14.11,50,pre
1787048250.5,2026-08-18T10:17:30.500Z,ul,20,gnb1,27.0,28.0,1.0486,131072,0,22.39,46.206,14.11,50,pre
1787048251.5,2026-08-18T10:17:31.500Z,ul,20,gnb1,28.0,29.0,2.0972,262144,0,22.39,46.206,14.11,50,pre
1787048252.5,2026-08-18T10:17:32.500Z,ul,20,gnb1,29.0,30.0,0.0,0,13,22.39,46.206,14.11,50,pre
1787048273.644,2026-08-18T10:17:53.643Z,dl,50,gnb1,0,3.287,0.319,131072,0,22.39,46.206,14.11,50,pre
1787048276.115,2026-08-18T10:17:56.115Z,dl,50,gnb1,3.287,4.943,0.6334,131072,0,22.39,46.206,14.11,50,pre
1787048278.778,2026-08-18T10:17:58.778Z,dl,50,gnb1,4.943,8.614,0.2856,131072,0,22.39,46.206,14.11,50,pre
1787048283.303,2026-08-18T10:18:03.302Z,dl,50,gnb1,8.614,13.992,0.195,131072,0,22.39,46.206,14.11,50,pre
1787048290.993,2026-08-18T10:18:10.992Z,dl,50,gnb1,13.992,23.994,0.0939,117360,0,22.39,46.206,14.11,50,pre
1787048301.228,2026-08-18T10:18:21.227Z,dl,50,gnb1,24.0,34.455,0.098,128060,0,22.39,46.206,14.11,50,pre
1787048330.5,2026-08-18T10:18:50.500Z,ul,50,gnb1,0,1.0,0.4529,56616,0,22.39,46.206,14.11,50,pre
1787048331.5,2026-08-18T10:18:51.500Z,ul,50,gnb1,1.0,2.0,0.0,0,0,22.39,46.206,14.11,50,pre
1787048332.5,2026-08-18T10:18:52.500Z,ul,50,gnb1,2.0,3.0,0.0,0,0,22.39,46.206,14.11,50,pre
1787048333.5,2026-08-18T10:18:53.500Z,ul,50,gnb1,3.0,4.0,0.7333,91664,0,22.39,46.206,14.11,50,pre
1787048334.5,2026-08-18T10:18:54.500Z,ul,50,gnb1,4.0,5.0,0.7657,95708,0,22.39,46.206,14.11,50,pre
1787048335.5,2026-08-18T10:18:55.500Z,ul,50,gnb1,5.0,6.0,0.9274,115928,0,22.39,46.206,14.11,50,pre
1787048336.5,2026-08-18T10:18:56.500Z,ul,50,gnb1,6.0,7.0,0.6686,83576,0,22.39,46.206,14.11,50,pre
1787048337.5,2026-08-18T10:18:57.500Z,ul,50,gnb1,7.0,8.0,1.0486,131072,0,22.39,46.206,14.11,50,pre
1787048338.5,2026-08-18T10:18:58.500Z,ul,50,gnb1,8.0,9.0,1.0486,131072,0,22.39,46.206,14.11,50,pre
1787048339.5,2026-08-18T10:18:59.500Z,ul,50,gnb1,9.0,10.0,1.0486,131072,0,22.39,46.206,14.11,50,pre
1787048340.5,2026-08-18T10:19:00.500Z,ul,50,gnb1,10.0,11.0,1.0486,131072,0,22.39,46.206,14.11,50,pre
1787048341.5,2026-08-18T10:19:01.500Z,ul,50,gnb1,11.0,12.0,1.0486,131072,0,22.39,46.206,14.11,50,pre
1787048342.5,2026-08-18T10:19:02.500Z,ul,50,gnb1,12.0,13.0,1.0486,131072,0,22.39,46.206,14.11,50,pre
1787048343.5,2026-08-18T10:19:03.500Z,ul,50,gnb1,13.0,14.0,1.0486,131072,0,22.39,46.206,14.11,50,pre
1787048344.5,2026-08-18T10:19:04.500Z,ul,50,gnb1,14.0,15.0,1.0485,131072,0,22.39,46.206,14.11,50,pre
1787048345.5,2026-08-18T10:19:05.500Z,ul,50,gnb1,15.0,16.0,1.0486,131072,0,22.39,46.206,14.11,50,pre
1787048346.5,2026-08-18T10:19:06.500Z,ul,50,gnb1,16.0,17.0,2.0972,262144,0,22.39,46.206,14.11,50,pre
1787048347.5,2026-08-18T10:19:07.500Z,ul,50,gnb1,17.0,18.0,1.0485,131072,0,22.39,46.206,14.11,50,pre
1787048348.5,2026-08-18T10:19:08.500Z,ul,50,gnb1,18.0,19.0,1.0486,131072,0,22.39,46.206,14.11,50,pre
1787048349.5,2026-08-18T10:19:09.500Z,ul,50,gnb1,19.0,20.0,1.0486,131072,0,22.39,46.206,14.11,50,pre
1787048350.5,2026-08-18T10:19:10.500Z,ul,50,gnb1,20.0,21.0,0.0,0,12,22.39,46.206,14.11,50,pre
1787048351.5,2026-08-18T10:19:11.500Z,ul,50,gnb1,21.0,22.0,0.0,0,28,22.39,46.206,14.11,50,pre
1787048352.5,2026-08-18T10:19:12.500Z,ul,50,gnb1,22.0,23.0,0.0,0,24,22.39,46.206,14.11,50,pre
1787048353.5,2026-08-18T10:19:13.500Z,ul,50,gnb1,23.0,24.0,1.0486,131072,31,22.39,46.206,14.11,50,pre
1787048354.5,2026-08-18T10:19:14.500Z,ul,50,gnb1,24.0,25.0,0.0,0,26,22.39,46.206,14.11,50,pre
1787048355.5,2026-08-18T10:19:15.500Z,ul,50,gnb1,25.0,26.0,0.0,0,22,22.39,46.206,14.11,50,pre
1787048356.5,2026-08-18T10:19:16.500Z,ul,50,gnb1,26.0,27.0,1.0486,131072,0,22.39,46.206,14.11,50,pre
1787048357.5,2026-08-18T10:19:17.500Z,ul,50,gnb1,27.0,28.0,1.0486,131072,0,22.39,46.206,14.11,50,pre
1787048358.5,2026-08-18T10:19:18.500Z,ul,50,gnb1,28.0,29.0,1.0486,131072,0,22.39,46.206,14.11,50,pre
1787048359.5,2026-08-18T10:19:19.500Z,ul,50,gnb1,29.0,30.0,2.0972,262144,0,22.39,46.206,14.11,50,pre
1787049346.383,2026-08-18T10:35:46.383Z,dl,50,gnb2,0,2.767,0.379,131072,0,12.549,23.37,0.12,1,post
1787049348.537,2026-08-18T10:35:48.537Z,dl,50,gnb2,2.767,4.308,0.6806,131072,0,12.549,23.37,0.12,1,post
1787049349.876,2026-08-18T10:35:49.875Z,dl,50,gnb2,4.308,5.444,0.9231,131072,0,12.549,23.37,0.12,1,post
1787049351.148,2026-08-18T10:35:51.148Z,dl,50,gnb2,5.444,6.853,0.744,131072,0,12.549,23.37,0.12,1,post
1787049352.544,2026-08-18T10:35:52.544Z,dl,50,gnb2,6.853,8.235,0.7584,131072,0,12.549,23.37,0.12,1,post
1787049353.937,2026-08-18T10:35:53.936Z,dl,50,gnb2,8.236,9.638,0.7475,131072,0,12.549,23.37,0.12,1,post
1787049355.168,2026-08-18T10:35:55.168Z,dl,50,gnb2,9.638,10.699,0.9888,131072,0,12.549,23.37,0.12,1,post
1787049356.334,2026-08-18T10:35:56.334Z,dl,50,gnb2,10.699,11.969,0.8253,131072,0,12.549,23.37,0.12,1,post
1787049357.532,2026-08-18T10:35:57.531Z,dl,50,gnb2,11.969,13.094,0.9323,131072,0,12.549,23.37,0.12,1,post
1787049358.602,2026-08-18T10:35:58.601Z,dl,50,gnb2,13.094,14.109,1.033,131072,0,12.549,23.37,0.12,1,post
1787049359.64,2026-08-18T10:35:59.639Z,dl,50,gnb2,14.109,15.171,0.9879,131072,0,12.549,23.37,0.12,1,post
1787049362.967,2026-08-18T10:36:02.966Z,dl,50,gnb2,15.171,20.763,0.1875,131072,0,12.549,23.37,0.12,1,post
1787049365.92,2026-08-18T10:36:05.920Z,dl,50,gnb2,20.763,21.078,3.3299,131072,0,12.549,23.37,0.12,1,post
1787049366.656,2026-08-18T10:36:06.656Z,dl,50,gnb2,21.078,22.235,0.9063,131072,0,12.549,23.37,0.12,1,post
1787049367.739,2026-08-18T10:36:07.739Z,dl,50,gnb2,22.235,23.243,1.0397,131072,0,12.549,23.37,0.12,1,post
1787049369.592,2026-08-18T10:36:09.592Z,dl,50,gnb2,23.243,25.941,0.7774,262144,0,12.549,23.37,0.12,1,post
1787049372.446,2026-08-18T10:36:12.446Z,dl,50,gnb2,25.941,28.952,0.6965,262144,0,12.549,23.37,0.12,1,post
1787049374.303,2026-08-18T10:36:14.302Z,dl,50,gnb2,28.952,29.653,4.4854,393216,0,12.549,23.37,0.12,1,post
1787049375.309,2026-08-18T10:36:15.309Z,dl,50,gnb2,29.653,30.966,0.7989,131072,0,12.549,23.37,0.12,1,post
1787049432.5,2026-08-18T10:37:12.500Z,ul,50,gnb2,0,1.0,0.4529,56616,0,12.549,23.37,0.12,1,post
1787049433.5,2026-08-18T10:37:13.500Z,ul,50,gnb2,1.0,2.0,0.0,0,0,12.549,23.37,0.12,1,post
1787049434.5,2026-08-18T10:37:14.500Z,ul,50,gnb2,2.0,3.0,0.7333,91664,0,12.549,23.37,0.12,1,post
1787049435.5,2026-08-18T10:37:15.500Z,ul,50,gnb2,3.0,4.0,0.6902,86272,0,12.549,23.37,0.12,1,post
1787049436.5,2026-08-18T10:37:16.500Z,ul,50,gnb2,4.0,5.0,0.8627,107840,0,12.549,23.37,0.12,1,post
1787049437.5,2026-08-18T10:37:17.500Z,ul,50,gnb2,5.0,6.0,0.0,0,0,12.549,23.37,0.12,1,post
1787049438.5,2026-08-18T10:37:18.500Z,ul,50,gnb2,6.0,7.0,1.0486,131072,0,12.549,23.37,0.12,1,post
1787049439.5,2026-08-18T10:37:19.500Z,ul,50,gnb2,7.0,8.0,1.0486,131072,0,12.549,23.37,0.12,1,post
1787049440.5,2026-08-18T10:37:20.500Z,ul,50,gnb2,8.0,9.0,1.0486,131072,0,12.549,23.37,0.12,1,post
1787049441.5,2026-08-18T10:37:21.500Z,ul,50,gnb2,9.0,10.0,1.0486,131072,0,12.549,23.37,0.12,1,post
1787049442.5,2026-08-18T10:37:22.500Z,ul,50,gnb2,10.0,11.0,1.0486,131072,0,12.549,23.37,0.12,1,post
1787049443.5,2026-08-18T10:37:23.500Z,ul,50,gnb2,11.0,12.0,0.0,0,0,12.549,23.37,0.12,1,post
1787049444.5,2026-08-18T10:37:24.500Z,ul,50,gnb2,12.0,13.0,1.0486,131072,0,12.549,23.37,0.12,1,post
1787049445.5,2026-08-18T10:37:25.500Z,ul,50,gnb2,13.0,14.0,1.0486,131072,0,12.549,23.37,0.12,1,post
1787049446.5,2026-08-18T10:37:26.500Z,ul,50,gnb2,14.0,15.0,1.0486,131072,0,12.549,23.37,0.12,1,post
1787049447.5,2026-08-18T10:37:27.500Z,ul,50,gnb2,15.0,16.0,1.0486,131072,0,12.549,23.37,0.12,1,post
1787049448.5,2026-08-18T10:37:28.500Z,ul,50,gnb2,16.0,17.0,1.0485,131072,0,12.549,23.37,0.12,1,post
1787049449.5,2026-08-18T10:37:29.500Z,ul,50,gnb2,17.0,18.0,1.0486,131072,0,12.549,23.37,0.12,1,post
1787049450.5,2026-08-18T10:37:30.500Z,ul,50,gnb2,18.0,19.0,1.0486,131072,0,12.549,23.37,0.12,1,post
1787049451.5,2026-08-18T10:37:31.500Z,ul,50,gnb2,19.0,20.0,1.0485,131072,0,12.549,23.37,0.12,1,post
1787049452.5,2026-08-18T10:37:32.500Z,ul,50,gnb2,20.0,21.0,1.0486,131072,0,12.549,23.37,0.12,1,post
1787049453.5,2026-08-18T10:37:33.500Z,ul,50,gnb2,21.0,22.0,1.0486,131072,15,12.549,23.37,0.12,1,post
1787049454.5,2026-08-18T10:37:34.500Z,ul,50,gnb2,22.0,23.0,0.0,0,27,12.549,23.37,0.12,1,post
1787049455.5,2026-08-18T10:37:35.500Z,ul,50,gnb2,23.0,24.0,0.0,0,27,12.549,23.37,0.12,1,post
1787049456.5,2026-08-18T10:37:36.500Z,ul,50,gnb2,24.0,25.0,0.0,0,23,12.549,23.37,0.12,1,post
1787049457.5,2026-08-18T10:37:37.500Z,ul,50,gnb2,25.0,26.0,0.0,0,32,12.549,23.37,0.12,1,post
1787049458.5,2026-08-18T10:37:38.500Z,ul,50,gnb2,26.0,27.0,0.0,0,15,12.549,23.37,0.12,1,post
1787049459.5,2026-08-18T10:37:39.500Z,ul,50,gnb2,27.0,28.0,0.0,0,0,12.549,23.37,0.12,1,post
1787049460.5,2026-08-18T10:37:40.500Z,ul,50,gnb2,28.0,29.0,0.0,0,0,12.549,23.37,0.12,1,post
1787049461.5,2026-08-18T10:37:41.500Z,ul,50,gnb2,29.0,30.0,1.0485,131072,0,12.549,23.37,0.12,1,post
